/* Generated by tools/gen_fonts_data.py - do not hand-edit. */

static const char stringBase0[0x2E98] = {
    0x45, 0x44, 0x44, 0x4D, 0x4F, 0x4E, 0x44, 0x47, 0x52, 0x41, 0x59, 0x31, 0x34, 0x00, 0x45, 0x44,
    0x44, 0x4D, 0x4F, 0x4E, 0x44, 0x47, 0x52, 0x41, 0x59, 0x32, 0x34, 0x00, 0x44, 0x41, 0x4E, 0x54,
    0x4F, 0x4E, 0x53, 0x49, 0x4C, 0x56, 0x45, 0x52, 0x32, 0x30, 0x00, 0x44, 0x41, 0x4E, 0x54, 0x4F,
    0x4E, 0x53, 0x49, 0x4C, 0x56, 0x45, 0x52, 0x32, 0x34, 0x00, 0x42, 0x41, 0x52, 0x5F, 0x4E, 0x55,
    0x4D, 0x42, 0x45, 0x52, 0x46, 0x4F, 0x4E, 0x54, 0x00, 0x42, 0x41, 0x52, 0x5F, 0x50, 0x4C, 0x59,
    0x52, 0x4E, 0x41, 0x4D, 0x45, 0x46, 0x4F, 0x4E, 0x54, 0x00, 0x44, 0x41, 0x4E, 0x54, 0x4F, 0x4E,
    0x32, 0x30, 0x00, 0x4D, 0x4F, 0x56, 0x45, 0x4C, 0x49, 0x53, 0x54, 0x5F, 0x46, 0x4F, 0x4E, 0x54,
    0x00, 0x54, 0x45, 0x4D, 0x50, 0x55, 0x53, 0x32, 0x32, 0x00, 0x4D, 0x49, 0x4E, 0x49, 0x4F, 0x4E,
    0x43, 0x4F, 0x4E, 0x44, 0x5F, 0x31, 0x38, 0x00, 0x50, 0x55, 0x5A, 0x5A, 0x4C, 0x45, 0x5F, 0x4B,
    0x41, 0x55, 0x54, 0x49, 0x4F, 0x4E, 0x5F, 0x4E, 0x55, 0x4D, 0x42, 0x45, 0x52, 0x53, 0x5F, 0x42,
    0x4B, 0x00, 0x50, 0x55, 0x5A, 0x5A, 0x4C, 0x45, 0x5F, 0x4B, 0x41, 0x55, 0x54, 0x49, 0x4F, 0x4E,
    0x5F, 0x4E, 0x55, 0x4D, 0x42, 0x45, 0x52, 0x53, 0x5F, 0x4F, 0x52, 0x41, 0x00, 0x50, 0x55, 0x5A,
    0x5A, 0x4C, 0x45, 0x5F, 0x56, 0x49, 0x4E, 0x51, 0x55, 0x45, 0x4F, 0x52, 0x41, 0x4E, 0x47, 0x45,
    0x36, 0x34, 0x00, 0x50, 0x55, 0x5A, 0x5A, 0x4C, 0x45, 0x5F, 0x54, 0x41, 0x48, 0x4F, 0x4D, 0x41,
    0x31, 0x35, 0x00, 0x42, 0x4F, 0x4F, 0x4B, 0x4D, 0x41, 0x4E, 0x4F, 0x4C, 0x44, 0x53, 0x54, 0x59,
    0x4C, 0x45, 0x42, 0x4F, 0x4C, 0x44, 0x31, 0x38, 0x00, 0x54, 0x45, 0x4D, 0x50, 0x55, 0x53, 0x32,
    0x32, 0x47, 0x41, 0x4C, 0x4C, 0x45, 0x52, 0x59, 0x00, 0x4D, 0x59, 0x52, 0x49, 0x41, 0x44, 0x31,
    0x36, 0x00, 0x52, 0x45, 0x4D, 0x55, 0x53, 0x45, 0x58, 0x54, 0x5F, 0x32, 0x38, 0x00, 0x20, 0x00,
    0x50, 0x52, 0x45, 0x53, 0x53, 0x20, 0x53, 0x54, 0x41, 0x52, 0x54, 0x00, 0x50, 0x52, 0x45, 0x53,
    0x49, 0x4F, 0x4E, 0x41, 0x20, 0x53, 0x54, 0x41, 0x52, 0x54, 0x00, 0x53, 0x54, 0x41, 0x52, 0x54,
    0x20, 0x44, 0x52, 0xDC, 0x43, 0x4B, 0x45, 0x4E, 0x00, 0x41, 0x50, 0x50, 0x55, 0x59, 0x45, 0x5A,
    0x20, 0x53, 0x55, 0x52, 0x20, 0x53, 0x54, 0x41, 0x52, 0x54, 0x00, 0x50, 0x52, 0x45, 0x4D, 0x49,
    0x20, 0x53, 0x54, 0x41, 0x52, 0x54, 0x00, 0x50, 0x52, 0x45, 0x53, 0x53, 0x20, 0x53, 0x54, 0x41,
    0x52, 0x54, 0x20, 0x42, 0x55, 0x54, 0x54, 0x4F, 0x4E, 0x00, 0x50, 0x55, 0x4C, 0x53, 0x41, 0x52,
    0x20, 0x45, 0x4C, 0x20, 0x42, 0x4F, 0x54, 0xD3, 0x4E, 0x20, 0x53, 0x54, 0x41, 0x52, 0x54, 0x00,
    0x53, 0x54, 0x41, 0x52, 0x54, 0x2D, 0x54, 0x41, 0x53, 0x54, 0x45, 0x20, 0x44, 0x52, 0xDC, 0x43,
    0x4B, 0x45, 0x4E, 0x00, 0x41, 0x50, 0x50, 0x55, 0x59, 0x45, 0x5A, 0x20, 0x53, 0x55, 0x52, 0x20,
    0x4C, 0x41, 0x20, 0x54, 0x4F, 0x55, 0x43, 0x48, 0xC9, 0x20, 0x53, 0x54, 0x41, 0x52, 0x54, 0x00,
    0x50, 0x52, 0x45, 0x4D, 0x49, 0x20, 0x49, 0x4C, 0x20, 0x54, 0x41, 0x53, 0x54, 0x4F, 0x20, 0x53,
    0x54, 0x41, 0x52, 0x54, 0x00, 0x50, 0x55, 0x4C, 0x53, 0x41, 0x52, 0x20, 0x45, 0x4C, 0x00, 0x53,
    0x54, 0x41, 0x52, 0x54, 0x2D, 0x54, 0x41, 0x53, 0x54, 0x45, 0x00, 0x41, 0x50, 0x50, 0x55, 0x59,
    0x45, 0x5A, 0x20, 0x53, 0x55, 0x52, 0x20, 0x4C, 0x41, 0x00, 0x50, 0x52, 0x45, 0x4D, 0x49, 0x20,
    0x49, 0x4C, 0x20, 0x54, 0x41, 0x53, 0x54, 0x4F, 0x00, 0x42, 0x55, 0x54, 0x54, 0x4F, 0x4E, 0x00,
    0x42, 0x4F, 0x54, 0xD3, 0x4E, 0x20, 0x53, 0x54, 0x41, 0x52, 0x54, 0x00, 0x44, 0x52, 0xDC, 0x43,
    0x4B, 0x45, 0x4E, 0x00, 0x54, 0x4F, 0x55, 0x43, 0x48, 0xC9, 0x20, 0x53, 0x54, 0x41, 0x52, 0x54,
    0x00, 0x53, 0x54, 0x41, 0x52, 0x54, 0x00, 0x57, 0x49, 0x4E, 0x53, 0x3A, 0x20, 0x25, 0x64, 0x00,
    0x47, 0x41, 0x4E, 0x41, 0x3A, 0x20, 0x25, 0x64, 0x00, 0x47, 0x45, 0x57, 0x4F, 0x4E, 0x4E, 0x45,
    0x4E, 0x3A, 0x20, 0x25, 0x64, 0x00, 0x56, 0x49, 0x43, 0x54, 0x4F, 0x49, 0x52, 0x45, 0x53, 0x3A,
    0x20, 0x25, 0x64, 0x00, 0x56, 0x49, 0x54, 0x54, 0x4F, 0x52, 0x49, 0x45, 0x3A, 0x20, 0x25, 0x64,
    0x00, 0x46, 0x4C, 0x41, 0x57, 0x4C, 0x45, 0x53, 0x53, 0x20, 0x56, 0x49, 0x43, 0x54, 0x4F, 0x52,
    0x59, 0x00, 0x56, 0x49, 0x43, 0x54, 0x4F, 0x52, 0x49, 0x41, 0x20, 0x49, 0x4E, 0x44, 0x49, 0x53,
    0x43, 0x55, 0x54, 0x49, 0x42, 0x4C, 0x45, 0x00, 0x50, 0x45, 0x52, 0x46, 0x45, 0x4B, 0x54, 0x45,
    0x52, 0x20, 0x53, 0x49, 0x45, 0x47, 0x00, 0x56, 0x49, 0x43, 0x54, 0x4F, 0x49, 0x52, 0x45, 0x20,
    0x50, 0x41, 0x52, 0x46, 0x41, 0x49, 0x54, 0x45, 0x00, 0x56, 0x49, 0x54, 0x54, 0x4F, 0x52, 0x49,
    0x41, 0x20, 0x53, 0x43, 0x48, 0x49, 0x41, 0x43, 0x43, 0x49, 0x41, 0x4E, 0x54, 0x45, 0x00, 0x25,
    0x73, 0x20, 0x57, 0x49, 0x4E, 0x53, 0x21, 0x00, 0xA1, 0x25, 0x73, 0x20, 0x47, 0x41, 0x4E, 0x41,
    0x21, 0x00, 0x25, 0x73, 0x20, 0x47, 0x45, 0x57, 0x49, 0x4E, 0x4E, 0x54, 0x21, 0x00, 0x25, 0x73,
    0x20, 0x47, 0x41, 0x47, 0x4E, 0x45, 0x21, 0x00, 0x25, 0x73, 0x20, 0x56, 0x49, 0x4E, 0x43, 0x45,
    0x21, 0x00, 0x25, 0x64, 0x20, 0x48, 0x49, 0x54, 0x53, 0x00, 0x25, 0x64, 0x20, 0x47, 0x4F, 0x4C,
    0x50, 0x45, 0x53, 0x00, 0x25, 0x64, 0x20, 0x54, 0x52, 0x45, 0x46, 0x46, 0x45, 0x52, 0x00, 0x25,
    0x64, 0x20, 0x43, 0x4F, 0x55, 0x50, 0x53, 0x00, 0x25, 0x64, 0x20, 0x43, 0x4F, 0x4C, 0x50, 0x49,
    0x00, 0x25, 0x64, 0x25, 0x25, 0x20, 0x44, 0x41, 0x4D, 0x41, 0x47, 0x45, 0x00, 0x25, 0x64, 0x25,
    0x25, 0x20, 0x44, 0x41, 0xD1, 0x4F, 0x00, 0x25, 0x64, 0x25, 0x25, 0x20, 0x53, 0x43, 0x48, 0x41,
    0x44, 0x45, 0x4E, 0x00, 0x25, 0x64, 0x25, 0x25, 0x20, 0x44, 0xC9, 0x47, 0xC2, 0x54, 0x53, 0x00,
    0x25, 0x64, 0x25, 0x25, 0x20, 0x44, 0x41, 0x4E, 0x4E, 0x49, 0x00, 0x50, 0x4C, 0x41, 0x59, 0x45,
    0x52, 0x20, 0x25, 0x64, 0x00, 0x4A, 0x55, 0x47, 0x41, 0x44, 0x4F, 0x52, 0x20, 0x25, 0x64, 0x00,
    0x53, 0x50, 0x49, 0x45, 0x4C, 0x45, 0x52, 0x20, 0x25, 0x64, 0x00, 0x4C, 0x45, 0x20, 0x4A, 0x4F,
    0x55, 0x45, 0x55, 0x52, 0x20, 0x25, 0x64, 0x00, 0x47, 0x49, 0x4F, 0x43, 0x41, 0x54, 0x4F, 0x52,
    0x45, 0x20, 0x25, 0x64, 0x00, 0x48, 0x41, 0x53, 0x20, 0x45, 0x4E, 0x54, 0x45, 0x52, 0x45, 0x44,
    0x00, 0x48, 0x41, 0x20, 0x45, 0x4E, 0x54, 0x52, 0x41, 0x44, 0x4F, 0x00, 0x48, 0x41, 0x54, 0x20,
    0x44, 0x41, 0x53, 0x20, 0x54, 0x55, 0x52, 0x4E, 0x49, 0x45, 0x52, 0x00, 0x53, 0x27, 0x45, 0x53,
    0x54, 0x20, 0x45, 0x4E, 0x47, 0x41, 0x47, 0xC9, 0x00, 0x48, 0x41, 0x20, 0x49, 0x4E, 0x49, 0x5A,
    0x49, 0x41, 0x54, 0x4F, 0x00, 0x54, 0x48, 0x45, 0x20, 0x54, 0x4F, 0x55, 0x52, 0x4E, 0x41, 0x4D,
    0x45, 0x4E, 0x54, 0x00, 0x45, 0x4E, 0x20, 0x45, 0x4C, 0x20, 0x54, 0x4F, 0x52, 0x4E, 0x45, 0x4F,
    0x00, 0x42, 0x45, 0x54, 0x52, 0x45, 0x54, 0x45, 0x4E, 0x00, 0x44, 0x41, 0x4E, 0x53, 0x20, 0x4C,
    0x45, 0x20, 0x54, 0x4F, 0x55, 0x52, 0x4E, 0x4F, 0x49, 0x00, 0x41, 0x4C, 0x20, 0x54, 0x4F, 0x52,
    0x4E, 0x45, 0x4F, 0x00, 0x43, 0x4F, 0x4E, 0x54, 0x52, 0x4F, 0x4C, 0x4C, 0x45, 0x52, 0x20, 0x52,
    0x45, 0x4D, 0x4F, 0x56, 0x45, 0x44, 0x00, 0x4D, 0x41, 0x4E, 0x44, 0x4F, 0x20, 0x45, 0x58, 0x54,
    0x52, 0x41, 0xCD, 0x44, 0x4F, 0x00, 0x43, 0x4F, 0x4E, 0x54, 0x52, 0x4F, 0x4C, 0x4C, 0x45, 0x52,
    0x20, 0x45, 0x4E, 0x54, 0x46, 0x45, 0x52, 0x4E, 0x54, 0x00, 0x4D, 0x41, 0x4E, 0x45, 0x54, 0x54,
    0x45, 0x20, 0x52, 0x45, 0x54, 0x49, 0x52, 0xC9, 0x45, 0x00, 0x43, 0x4F, 0x4E, 0x54, 0x52, 0x4F,
    0x4C, 0x4C, 0x45, 0x52, 0x20, 0x53, 0x43, 0x4F, 0x4C, 0x4C, 0x45, 0x47, 0x41, 0x54, 0x4F, 0x00,
    0x50, 0x4C, 0x45, 0x41, 0x53, 0x45, 0x20, 0x49, 0x4E, 0x53, 0x45, 0x52, 0x54, 0x20, 0x41, 0x00,
    0x49, 0x4E, 0x53, 0x45, 0x52, 0x54, 0x41, 0x20, 0x55, 0x4E, 0x00, 0x42, 0x49, 0x54, 0x54, 0x45,
    0x20, 0x53, 0x54, 0x45, 0x43, 0x4B, 0x45, 0x4E, 0x00, 0x56, 0x45, 0x55, 0x49, 0x4C, 0x4C, 0x45,
    0x5A, 0x20, 0x49, 0x4E, 0x53, 0xC9, 0x52, 0x45, 0x52, 0x20, 0x55, 0x4E, 0x45, 0x00, 0x49, 0x4E,
    0x53, 0x45, 0x52, 0x49, 0x53, 0x43, 0x49, 0x20, 0x55, 0x4E, 0x00, 0x43, 0x4F, 0x4E, 0x54, 0x52,
    0x4F, 0x4C, 0x4C, 0x45, 0x52, 0x20, 0x49, 0x4E, 0x54, 0x4F, 0x00, 0x4D, 0x41, 0x4E, 0x44, 0x4F,
    0x20, 0x45, 0x4E, 0x00, 0x43, 0x4F, 0x4E, 0x54, 0x52, 0x4F, 0x4C, 0x4C, 0x45, 0x52, 0x20, 0x49,
    0x4E, 0x00, 0x4D, 0x41, 0x4E, 0x45, 0x54, 0x54, 0x45, 0x20, 0x44, 0x41, 0x4E, 0x53, 0x00, 0x43,
    0x4F, 0x4E, 0x54, 0x52, 0x4F, 0x4C, 0x4C, 0x45, 0x52, 0x20, 0x4E, 0x45, 0x4C, 0x4C, 0x27, 0x00,
    0x43, 0x4F, 0x4E, 0x54, 0x52, 0x4F, 0x4C, 0x4C, 0x45, 0x52, 0x20, 0x50, 0x4F, 0x52, 0x54, 0x20,
    0x25, 0x64, 0x00, 0x50, 0x55, 0x45, 0x52, 0x54, 0x4F, 0x20, 0x44, 0x45, 0x20, 0x4D, 0x41, 0x4E,
    0x44, 0x4F, 0x20, 0x25, 0x64, 0x00, 0x43, 0x4F, 0x4E, 0x54, 0x52, 0x4F, 0x4C, 0x4C, 0x45, 0x52,
    0x2D, 0x00, 0x4C, 0x45, 0x20, 0x50, 0x4F, 0x52, 0x54, 0x20, 0x44, 0x45, 0x20, 0x4D, 0x41, 0x4E,
    0x45, 0x54, 0x54, 0x45, 0x20, 0x25, 0x64, 0x00, 0x49, 0x4E, 0x47, 0x52, 0x45, 0x53, 0x53, 0x4F,
    0x20, 0x43, 0x4F, 0x4E, 0x54, 0x52, 0x4F, 0x4C, 0x4C, 0x45, 0x52, 0x20, 0x25, 0x64, 0x00, 0x50,
    0x55, 0x4C, 0x53, 0x41, 0x52, 0x20, 0x42, 0x4F, 0x54, 0xD3, 0x4E, 0x20, 0x53, 0x54, 0x41, 0x52,
    0x54, 0x00, 0x41, 0x4E, 0x53, 0x43, 0x48, 0x4C, 0x55, 0x53, 0x53, 0x20, 0x25, 0x64, 0x20, 0x44,
    0x52, 0xDC, 0x43, 0x4B, 0x45, 0x4E, 0x00, 0x41, 0x50, 0x50, 0x55, 0x59, 0x45, 0x5A, 0x20, 0x53,
    0x55, 0x52, 0x20, 0x4C, 0x41, 0x20, 0x54, 0x4F, 0x55, 0x43, 0x48, 0x45, 0x00, 0x54, 0x4F, 0x20,
    0x43, 0x4F, 0x4E, 0x54, 0x49, 0x4E, 0x55, 0x45, 0x00, 0x50, 0x41, 0x52, 0x41, 0x20, 0x43, 0x4F,
    0x4E, 0x54, 0x49, 0x4E, 0x55, 0x41, 0x52, 0x00, 0x53, 0x49, 0x45, 0x20, 0x44, 0x49, 0x45, 0x20,
    0x53, 0x54, 0x41, 0x52, 0x54, 0x20, 0x54, 0x41, 0x53, 0x54, 0x45, 0x00, 0x53, 0x54, 0x41, 0x52,
    0x54, 0x20, 0x50, 0x4F, 0x55, 0x52, 0x20, 0x43, 0x4F, 0x4E, 0x54, 0x49, 0x4E, 0x55, 0x45, 0x52,
    0x00, 0x50, 0x45, 0x52, 0x20, 0x43, 0x4F, 0x4E, 0x54, 0x49, 0x4E, 0x55, 0x41, 0x52, 0x45, 0x00,
    0x55, 0x4D, 0x20, 0x46, 0x4F, 0x52, 0x54, 0x5A, 0x55, 0x46, 0x41, 0x48, 0x52, 0x45, 0x4E, 0x00,
    0x43, 0x4F, 0x4E, 0x54, 0x52, 0x4F, 0x4C, 0x4C, 0x45, 0x52, 0x00, 0x43, 0x4F, 0x4E, 0x54, 0x52,
    0x4F, 0x4C, 0x41, 0x44, 0x4F, 0x52, 0x00, 0x4D, 0x41, 0x4E, 0x45, 0x54, 0x54, 0x45, 0x00, 0x44,
    0x49, 0x53, 0x43, 0x4F, 0x4E, 0x4E, 0x45, 0x43, 0x54, 0x45, 0x44, 0x00, 0x44, 0x45, 0x53, 0x43,
    0x4F, 0x4E, 0x45, 0x43, 0x54, 0x41, 0x44, 0x4F, 0x00, 0x41, 0x55, 0x53, 0x47, 0x45, 0x53, 0x54,
    0x45, 0x43, 0x4B, 0x54, 0x00, 0x44, 0xC9, 0x43, 0x4F, 0x4E, 0x4E, 0x45, 0x43, 0x54, 0xC9, 0x45,
    0x00, 0x53, 0x43, 0x4F, 0x4C, 0x4C, 0x45, 0x47, 0x41, 0x54, 0x4F, 0x00, 0x50, 0x4C, 0x45, 0x41,
    0x53, 0x45, 0x20, 0x52, 0x45, 0x43, 0x4F, 0x4E, 0x4E, 0x45, 0x43, 0x54, 0x00, 0x56, 0x55, 0x45,
    0x4C, 0x56, 0x45, 0x20, 0x41, 0x20, 0x43, 0x4F, 0x4E, 0x45, 0x43, 0x54, 0x41, 0x52, 0x00, 0x42,
    0x49, 0x54, 0x54, 0x45, 0x20, 0x53, 0x54, 0x45, 0x43, 0x4B, 0x45, 0x4E, 0x20, 0x53, 0x49, 0x45,
    0x00, 0x56, 0x45, 0x55, 0x49, 0x4C, 0x4C, 0x45, 0x5A, 0x20, 0x52, 0x45, 0x43, 0x4F, 0x4E, 0x4E,
    0x45, 0x43, 0x54, 0x45, 0x52, 0x00, 0x52, 0x49, 0x43, 0x4F, 0x4C, 0x4C, 0x45, 0x47, 0x41, 0x00,
    0x54, 0x48, 0x45, 0x20, 0x43, 0x4F, 0x4E, 0x54, 0x52, 0x4F, 0x4C, 0x4C, 0x45, 0x52, 0x00, 0x45,
    0x4C, 0x20, 0x43, 0x4F, 0x4E, 0x54, 0x52, 0x4F, 0x4C, 0x41, 0x44, 0x4F, 0x52, 0x00, 0x44, 0x45,
    0x4E, 0x20, 0x43, 0x4F, 0x4E, 0x54, 0x52, 0x4F, 0x4C, 0x4C, 0x45, 0x52, 0x00, 0x4C, 0x41, 0x20,
    0x4D, 0x41, 0x4E, 0x45, 0x54, 0x54, 0x45, 0x00, 0x49, 0x4C, 0x20, 0x43, 0x4F, 0x4E, 0x54, 0x52,
    0x4F, 0x4C, 0x4C, 0x45, 0x52, 0x00, 0x54, 0x4F, 0x20, 0x43, 0x4F, 0x4E, 0x54, 0x52, 0x4F, 0x4C,
    0x4C, 0x45, 0x52, 0x20, 0x50, 0x4F, 0x52, 0x54, 0x20, 0x25, 0x64, 0x00, 0x41, 0x4C, 0x20, 0x50,
    0x55, 0x45, 0x52, 0x54, 0x4F, 0x20, 0x25, 0x64, 0x00, 0x57, 0x49, 0x45, 0x44, 0x45, 0x52, 0x20,
    0x49, 0x4E, 0x20, 0x44, 0x45, 0x4E, 0x00, 0x41, 0x55, 0x20, 0x50, 0x4F, 0x52, 0x54, 0x20, 0x25,
    0x64, 0x00, 0x41, 0x4C, 0x4C, 0x41, 0x20, 0x50, 0x4F, 0x52, 0x54, 0x41, 0x20, 0x25, 0x64, 0x00,
    0x41, 0x4E, 0x44, 0x20, 0x50, 0x52, 0x45, 0x53, 0x53, 0x20, 0x53, 0x54, 0x41, 0x52, 0x54, 0x00,
    0x59, 0x20, 0x50, 0x52, 0x45, 0x53, 0x49, 0x4F, 0x4E, 0x41, 0x20, 0x53, 0x54, 0x41, 0x52, 0x54,
    0x00, 0x41, 0x4E, 0x53, 0x43, 0x48, 0x4C, 0x55, 0x53, 0x53, 0x20, 0x25, 0x64, 0x20, 0x45, 0x49,
    0x4E, 0x2C, 0x00, 0x45, 0x54, 0x20, 0x41, 0x50, 0x50, 0x55, 0x59, 0x45, 0x52, 0x20, 0x53, 0x55,
    0x52, 0x20, 0x53, 0x54, 0x41, 0x52, 0x54, 0x00, 0x45, 0x20, 0x50, 0x52, 0x45, 0x4D, 0x49, 0x20,
    0x53, 0x54, 0x41, 0x52, 0x54, 0x00, 0x55, 0x4E, 0x44, 0x20, 0x44, 0x52, 0xDC, 0x43, 0x4B, 0x45,
    0x4E, 0x20, 0x53, 0x49, 0x45, 0x00, 0x50, 0x4F, 0x55, 0x52, 0x20, 0x43, 0x4F, 0x4E, 0x54, 0x49,
    0x4E, 0x55, 0x45, 0x52, 0x00, 0x53, 0x54, 0x41, 0x52, 0x54, 0x2C, 0x20, 0x55, 0x4D, 0x00, 0x46,
    0x4F, 0x52, 0x54, 0x5A, 0x55, 0x46, 0x41, 0x48, 0x52, 0x45, 0x4E, 0x00, 0x42, 0x49, 0x54, 0x54,
    0x45, 0x20, 0x53, 0x54, 0x45, 0x43, 0x4B, 0x45, 0x4E, 0x20, 0x53, 0x49, 0x45, 0x20, 0x44, 0x45,
    0x4E, 0x00, 0x45, 0x4C, 0x20, 0x4D, 0x41, 0x4E, 0x44, 0x4F, 0x00, 0x43, 0x4F, 0x4E, 0x54, 0x52,
    0x4F, 0x4C, 0x4C, 0x45, 0x52, 0x20, 0x57, 0x49, 0x45, 0x44, 0x45, 0x52, 0x20, 0x49, 0x4E, 0x00,
    0x49, 0x4E, 0x20, 0x43, 0x4F, 0x4E, 0x54, 0x52, 0x4F, 0x4C, 0x4C, 0x45, 0x52, 0x00, 0x45, 0x4E,
    0x20, 0x45, 0x4C, 0x20, 0x50, 0x55, 0x45, 0x52, 0x54, 0x4F, 0x20, 0x44, 0x45, 0x00, 0x44, 0x49,
    0x45, 0x20, 0x41, 0x4E, 0x53, 0x43, 0x48, 0x4C, 0x55, 0x53, 0x53, 0x42, 0x55, 0x43, 0x48, 0x53,
    0x45, 0x00, 0x44, 0x41, 0x4E, 0x53, 0x20, 0x4C, 0x45, 0x20, 0x50, 0x4F, 0x52, 0x54, 0x00, 0x4E,
    0x45, 0x4C, 0x4C, 0x41, 0x20, 0x50, 0x52, 0x45, 0x53, 0x41, 0x20, 0x50, 0x45, 0x52, 0x00, 0x53,
    0x4F, 0x43, 0x4B, 0x45, 0x54, 0x20, 0x25, 0x64, 0x20, 0x41, 0x4E, 0x44, 0x00, 0x44, 0x45, 0x20,
    0x4D, 0x41, 0x4E, 0x44, 0x4F, 0x20, 0x25, 0x64, 0x20, 0x59, 0x00, 0x46, 0xDC, 0x52, 0x20, 0x43,
    0x4F, 0x4E, 0x54, 0x52, 0x4F, 0x4C, 0x4C, 0x45, 0x52, 0x20, 0x25, 0x64, 0x20, 0x55, 0x4E, 0x44,
    0x00, 0x4D, 0x41, 0x4E, 0x45, 0x54, 0x54, 0x45, 0x20, 0x25, 0x64, 0x20, 0x45, 0x54, 0x00, 0x43,
    0x4F, 0x4E, 0x54, 0x52, 0x4F, 0x4C, 0x4C, 0x45, 0x52, 0x20, 0x25, 0x64, 0x20, 0x45, 0x00, 0x50,
    0x52, 0x45, 0x53, 0x53, 0x20, 0x53, 0x54, 0x41, 0x52, 0x54, 0x20, 0x54, 0x4F, 0x00, 0x50, 0x52,
    0x45, 0x53, 0x49, 0x4F, 0x4E, 0x41, 0x20, 0x53, 0x54, 0x41, 0x52, 0x54, 0x20, 0x50, 0x41, 0x52,
    0x41, 0x00, 0x44, 0x52, 0xDC, 0x43, 0x4B, 0x45, 0x4E, 0x20, 0x53, 0x49, 0x45, 0x20, 0x53, 0x54,
    0x41, 0x52, 0x54, 0x2C, 0x00, 0x41, 0x50, 0x50, 0x55, 0x59, 0x45, 0x52, 0x20, 0x53, 0x55, 0x52,
    0x20, 0x53, 0x54, 0x41, 0x52, 0x54, 0x00, 0x50, 0x52, 0x45, 0x4D, 0x49, 0x20, 0x53, 0x54, 0x41,
    0x52, 0x54, 0x20, 0x50, 0x45, 0x52, 0x00, 0x43, 0x4F, 0x4E, 0x54, 0x49, 0x4E, 0x55, 0x45, 0x2E,
    0x00, 0x43, 0x4F, 0x4E, 0x54, 0x49, 0x4E, 0x55, 0x41, 0x52, 0x00, 0x43, 0x4F, 0x4E, 0x54, 0x49,
    0x4E, 0x55, 0x41, 0x52, 0x45, 0x00, 0x44, 0x49, 0x46, 0x46, 0x49, 0x43, 0x55, 0x4C, 0x54, 0x59,
    0x3A, 0x20, 0x20, 0x25, 0x64, 0x25, 0x25, 0x00, 0x44, 0x49, 0x46, 0x49, 0x43, 0x55, 0x4C, 0x54,
    0x41, 0x44, 0x3A, 0x20, 0x20, 0x25, 0x64, 0x25, 0x25, 0x00, 0x53, 0x43, 0x48, 0x57, 0x49, 0x45,
    0x52, 0x49, 0x47, 0x4B, 0x45, 0x49, 0x54, 0x3A, 0x20, 0x20, 0x25, 0x64, 0x25, 0x25, 0x00, 0x44,
    0x49, 0x46, 0x46, 0x49, 0x43, 0x55, 0x4C, 0x54, 0xC9, 0x3A, 0x20, 0x20, 0x25, 0x64, 0x25, 0x25,
    0x00, 0x44, 0x49, 0x46, 0x46, 0x49, 0x43, 0x4F, 0x4C, 0x54, 0xC0, 0x3A, 0x20, 0x20, 0x25, 0x64,
    0x25, 0x25, 0x00, 0x43, 0x50, 0x55, 0x20, 0x44, 0x49, 0x46, 0x46, 0x49, 0x43, 0x55, 0x4C, 0x54,
    0x59, 0x00, 0x44, 0x49, 0x46, 0x49, 0x43, 0x55, 0x4C, 0x54, 0x41, 0x44, 0x20, 0x44, 0x45, 0x20,
    0x43, 0x50, 0x55, 0x00, 0x43, 0x50, 0x55, 0x2D, 0x53, 0x43, 0x48, 0x57, 0x49, 0x45, 0x52, 0x49,
    0x47, 0x4B, 0x45, 0x49, 0x54, 0x00, 0x44, 0x49, 0x46, 0x46, 0x49, 0x43, 0x55, 0x4C, 0x54, 0xC9,
    0x00, 0x44, 0x49, 0x46, 0x46, 0x49, 0x43, 0x4F, 0x4C, 0x54, 0xC0, 0x20, 0x43, 0x50, 0x55, 0x00,
    0x52, 0x4F, 0x55, 0x4E, 0x44, 0x53, 0x20, 0x54, 0x4F, 0x20, 0x57, 0x49, 0x4E, 0x00, 0x41, 0x53,
    0x41, 0x4C, 0x54, 0x4F, 0x53, 0x20, 0x50, 0x41, 0x52, 0x41, 0x20, 0x47, 0x41, 0x4E, 0x41, 0x52,
    0x00, 0x47, 0x45, 0x57, 0x49, 0x4E, 0x4E, 0x52, 0x55, 0x4E, 0x44, 0x45, 0x4E, 0x00, 0x52, 0x4F,
    0x55, 0x4E, 0x44, 0x53, 0x20, 0xC0, 0x20, 0x52, 0x45, 0x4D, 0x50, 0x4F, 0x52, 0x54, 0x45, 0x52,
    0x00, 0x52, 0x49, 0x50, 0x52, 0x45, 0x53, 0x45, 0x20, 0x44, 0x41, 0x20, 0x56, 0x49, 0x4E, 0x43,
    0x45, 0x52, 0x45, 0x00, 0x52, 0x4F, 0x55, 0x4E, 0x44, 0x20, 0x54, 0x49, 0x4D, 0x45, 0x00, 0x54,
    0x49, 0x45, 0x4D, 0x50, 0x4F, 0x20, 0x44, 0x45, 0x20, 0x41, 0x53, 0x41, 0x4C, 0x54, 0x4F, 0x00,
    0x52, 0x55, 0x4E, 0x44, 0x45, 0x4E, 0x5A, 0x45, 0x49, 0x54, 0x00, 0x54, 0x45, 0x4D, 0x50, 0x53,
    0x20, 0x44, 0x55, 0x20, 0x52, 0x4F, 0x55, 0x4E, 0x44, 0x00, 0x44, 0x55, 0x52, 0x41, 0x54, 0x41,
    0x20, 0x52, 0x4F, 0x55, 0x4E, 0x44, 0x00, 0x4D, 0x49, 0x4E, 0x49, 0x20, 0x47, 0x41, 0x4D, 0x45,
    0x20, 0x45, 0x56, 0x45, 0x52, 0x59, 0x00, 0x4D, 0x49, 0x4E, 0x49, 0x4A, 0x55, 0x45, 0x47, 0x4F,
    0x20, 0x43, 0x41, 0x44, 0x41, 0x00, 0x4D, 0x49, 0x4E, 0x49, 0x2D, 0x53, 0x50, 0x49, 0x45, 0x4C,
    0x20, 0x41, 0x4C, 0x4C, 0x45, 0x00, 0x4D, 0x49, 0x4E, 0x49, 0x20, 0x50, 0x41, 0x52, 0x54, 0x49,
    0x45, 0x20, 0x43, 0x48, 0x41, 0x51, 0x55, 0x45, 0x00, 0x4D, 0x49, 0x4E, 0x49, 0x20, 0x47, 0x49,
    0x4F, 0x43, 0x4F, 0x20, 0x4F, 0x47, 0x4E, 0x49, 0x00, 0x42, 0x4C, 0x4F, 0x4F, 0x44, 0x20, 0x4C,
    0x45, 0x56, 0x45, 0x4C, 0x00, 0x4E, 0x49, 0x56, 0x45, 0x4C, 0x20, 0x44, 0x45, 0x20, 0x53, 0x41,
    0x4E, 0x47, 0x52, 0x45, 0x00, 0x42, 0x4C, 0x55, 0x54, 0x2D, 0x4C, 0x45, 0x56, 0x45, 0x4C, 0x00,
    0x4E, 0x49, 0x56, 0x45, 0x41, 0x55, 0x20, 0x44, 0x45, 0x20, 0x53, 0x41, 0x4E, 0x47, 0x00, 0x4C,
    0x49, 0x56, 0x45, 0x4C, 0x4C, 0x4F, 0x20, 0x53, 0x41, 0x4E, 0x47, 0x55, 0x45, 0x00, 0x4E, 0x4F,
    0x56, 0x49, 0x43, 0x45, 0x00, 0x4E, 0x4F, 0x56, 0x41, 0x54, 0x4F, 0x00, 0x41, 0x4E, 0x46, 0xC4,
    0x4E, 0x47, 0x45, 0x52, 0x00, 0x44, 0xC9, 0x42, 0x55, 0x54, 0x41, 0x4E, 0x54, 0x00, 0x4E, 0x4F,
    0x56, 0x49, 0x5A, 0x49, 0x4F, 0x00, 0x45, 0x41, 0x53, 0x59, 0x00, 0x46, 0xC1, 0x43, 0x49, 0x4C,
    0x00, 0x45, 0x49, 0x4E, 0x46, 0x41, 0x43, 0x48, 0x00, 0x46, 0x41, 0x43, 0x49, 0x4C, 0x45, 0x00,
    0x4D, 0x45, 0x44, 0x49, 0x55, 0x4D, 0x00, 0x4D, 0x45, 0x44, 0x49, 0x4F, 0x00, 0x4D, 0x49, 0x54,
    0x54, 0x45, 0x4C, 0x00, 0x4D, 0x4F, 0x59, 0x45, 0x4E, 0x00, 0x48, 0x41, 0x52, 0x44, 0x00, 0x44,
    0x49, 0x46, 0xCD, 0x43, 0x49, 0x4C, 0x00, 0x48, 0x41, 0x52, 0x54, 0x00, 0x44, 0x49, 0x46, 0x46,
    0x49, 0x43, 0x49, 0x4C, 0x45, 0x00, 0x4D, 0x41, 0x58, 0x00, 0x4D, 0xC1, 0x58, 0x2E, 0x00, 0x45,
    0x52, 0x52, 0x4F, 0x52, 0x00, 0x46, 0x45, 0x48, 0x4C, 0x45, 0x52, 0x00, 0x45, 0x52, 0x52, 0x45,
    0x55, 0x52, 0x00, 0x45, 0x52, 0x52, 0x4F, 0x52, 0x45, 0x00, 0x4F, 0x46, 0x46, 0x00, 0x41, 0x55,
    0x53, 0x00, 0x4C, 0x4F, 0x57, 0x00, 0x42, 0x41, 0x4A, 0x4F, 0x00, 0x42, 0x41, 0x53, 0x00, 0x42,
    0x41, 0x53, 0x53, 0x4F, 0x00, 0x47, 0x41, 0x4D, 0x45, 0x20, 0x53, 0x45, 0x54, 0x54, 0x49, 0x4E,
    0x47, 0x53, 0x00, 0x43, 0x4F, 0x4E, 0x46, 0x49, 0x47, 0x55, 0x52, 0x41, 0x43, 0x49, 0xD3, 0x4E,
    0x20, 0x44, 0x45, 0x4C, 0x20, 0x4A, 0x55, 0x45, 0x47, 0x4F, 0x00, 0x53, 0x50, 0x49, 0x45, 0x4C,
    0x45, 0x49, 0x4E, 0x53, 0x54, 0x45, 0x4C, 0x4C, 0x55, 0x4E, 0x47, 0x45, 0x4E, 0x00, 0x50, 0x41,
    0x52, 0x41, 0x4D, 0xC8, 0x54, 0x52, 0x45, 0x53, 0x20, 0x44, 0x55, 0x20, 0x4A, 0x45, 0x55, 0x00,
    0x49, 0x4D, 0x50, 0x4F, 0x53, 0x54, 0x41, 0x5A, 0x49, 0x4F, 0x4E, 0x49, 0x20, 0x47, 0x49, 0x4F,
    0x43, 0x4F, 0x00, 0x53, 0x4F, 0x55, 0x4E, 0x44, 0x20, 0x53, 0x45, 0x54, 0x54, 0x49, 0x4E, 0x47,
    0x53, 0x00, 0x43, 0x4F, 0x4E, 0x46, 0x49, 0x47, 0x55, 0x52, 0x41, 0x43, 0x49, 0xD3, 0x4E, 0x20,
    0x44, 0x45, 0x20, 0x53, 0x4F, 0x4E, 0x49, 0x44, 0x4F, 0x00, 0x4B, 0x4C, 0x41, 0x4E, 0x47, 0x20,
    0x45, 0x49, 0x4E, 0x53, 0x54, 0x45, 0x4C, 0x4C, 0x55, 0x4E, 0x47, 0x45, 0x4E, 0x00, 0x50, 0x41,
    0x52, 0x41, 0x4D, 0xC8, 0x54, 0x52, 0x45, 0x53, 0x20, 0x44, 0x55, 0x20, 0x53, 0x4F, 0x4E, 0x00,
    0x49, 0x4D, 0x50, 0x4F, 0x53, 0x54, 0x41, 0x5A, 0x49, 0x4F, 0x4E, 0x49, 0x20, 0x53, 0x55, 0x4F,
    0x4E, 0x4F, 0x00, 0x43, 0x4F, 0x4E, 0x54, 0x52, 0x4F, 0x4C, 0x4C, 0x45, 0x52, 0x20, 0x53, 0x45,
    0x54, 0x55, 0x50, 0x00, 0x43, 0x4F, 0x4E, 0x46, 0x49, 0x47, 0x55, 0x52, 0x41, 0x43, 0x49, 0xD3,
    0x4E, 0x20, 0x44, 0x45, 0x4C, 0x20, 0x4D, 0x41, 0x4E, 0x44, 0x4F, 0x00, 0x43, 0x4F, 0x4E, 0x54,
    0x52, 0x4F, 0x4C, 0x4C, 0x45, 0x52, 0x2D, 0x45, 0x49, 0x4E, 0x53, 0x54, 0x45, 0x4C, 0x4C, 0x55,
    0x4E, 0x47, 0x00, 0x43, 0x4F, 0x4E, 0x46, 0x49, 0x47, 0x55, 0x52, 0x41, 0x54, 0x49, 0x4F, 0x4E,
    0x20, 0x44, 0x45, 0x20, 0x4C, 0x41, 0x20, 0x4D, 0x41, 0x4E, 0x45, 0x54, 0x54, 0x45, 0x00, 0x43,
    0x4F, 0x4E, 0x46, 0x49, 0x47, 0x55, 0x52, 0x41, 0x5A, 0x49, 0x4F, 0x4E, 0x45, 0x20, 0x43, 0x4F,
    0x4E, 0x54, 0x52, 0x4F, 0x4C, 0x4C, 0x45, 0x52, 0x00, 0x53, 0x43, 0x52, 0x45, 0x45, 0x4E, 0x20,
    0x53, 0x45, 0x54, 0x54, 0x49, 0x4E, 0x47, 0x53, 0x00, 0x43, 0x4F, 0x4E, 0x46, 0x49, 0x47, 0x55,
    0x52, 0x41, 0x43, 0x49, 0xD3, 0x4E, 0x20, 0x44, 0x45, 0x20, 0x50, 0x41, 0x4E, 0x54, 0x41, 0x4C,
    0x4C, 0x41, 0x00, 0x42, 0x49, 0x4C, 0x44, 0x53, 0x43, 0x48, 0x49, 0x52, 0x4D, 0x45, 0x49, 0x4E,
    0x53, 0x54, 0x45, 0x4C, 0x4C, 0x55, 0x4E, 0x47, 0x45, 0x4E, 0x00, 0x50, 0x41, 0x52, 0x41, 0x4D,
    0xC8, 0x54, 0x52, 0x45, 0x53, 0x20, 0x44, 0x45, 0x20, 0x4C, 0x27, 0xC9, 0x43, 0x52, 0x41, 0x4E,
    0x00, 0x49, 0x4D, 0x50, 0x4F, 0x53, 0x54, 0x41, 0x5A, 0x49, 0x4F, 0x4E, 0x49, 0x20, 0x53, 0x43,
    0x48, 0x45, 0x52, 0x4D, 0x4F, 0x00, 0x43, 0x52, 0x45, 0x41, 0x54, 0x45, 0x20, 0x41, 0x20, 0x50,
    0x52, 0x4F, 0x46, 0x49, 0x4C, 0x45, 0x00, 0x43, 0x52, 0x45, 0x41, 0x52, 0x20, 0x55, 0x4E, 0x20,
    0x50, 0x45, 0x52, 0x46, 0x49, 0x4C, 0x00, 0x50, 0x52, 0x4F, 0x46, 0x49, 0x4C, 0x20, 0x45, 0x52,
    0x53, 0x54, 0x45, 0x4C, 0x4C, 0x45, 0x4E, 0x00, 0x43, 0x52, 0xC9, 0x45, 0x52, 0x20, 0x55, 0x4E,
    0x20, 0x50, 0x52, 0x4F, 0x46, 0x49, 0x4C, 0x00, 0x43, 0x52, 0x45, 0x41, 0x20, 0x55, 0x4E, 0x20,
    0x50, 0x52, 0x4F, 0x46, 0x49, 0x4C, 0x4F, 0x00, 0x56, 0x49, 0x45, 0x57, 0x20, 0x50, 0x52, 0x4F,
    0x46, 0x49, 0x4C, 0x45, 0x53, 0x00, 0x56, 0x45, 0x52, 0x20, 0x50, 0x45, 0x52, 0x46, 0x49, 0x4C,
    0x45, 0x53, 0x00, 0x50, 0x52, 0x4F, 0x46, 0x49, 0x4C, 0x45, 0x20, 0x41, 0x4E, 0x5A, 0x45, 0x49,
    0x47, 0x45, 0x4E, 0x00, 0x56, 0x4F, 0x49, 0x52, 0x20, 0x4C, 0x45, 0x53, 0x20, 0x50, 0x52, 0x4F,
    0x46, 0x49, 0x4C, 0x53, 0x00, 0x56, 0x45, 0x44, 0x49, 0x20, 0x50, 0x52, 0x4F, 0x46, 0x49, 0x4C,
    0x49, 0x00, 0x44, 0x45, 0x4C, 0x45, 0x54, 0x45, 0x20, 0x41, 0x20, 0x50, 0x52, 0x4F, 0x46, 0x49,
    0x4C, 0x45, 0x00, 0x45, 0x4C, 0x49, 0x4D, 0x49, 0x4E, 0x41, 0x52, 0x20, 0x55, 0x4E, 0x20, 0x50,
    0x45, 0x52, 0x46, 0x49, 0x4C, 0x00, 0x50, 0x52, 0x4F, 0x46, 0x49, 0x4C, 0x20, 0x4C, 0xD6, 0x53,
    0x43, 0x48, 0x45, 0x4E, 0x00, 0x53, 0x55, 0x50, 0x50, 0x52, 0x49, 0x4D, 0x45, 0x52, 0x20, 0x55,
    0x4E, 0x20, 0x50, 0x52, 0x4F, 0x46, 0x49, 0x4C, 0x00, 0x43, 0x41, 0x4E, 0x43, 0x45, 0x4C, 0x4C,
    0x41, 0x20, 0x55, 0x4E, 0x20, 0x50, 0x52, 0x4F, 0x46, 0x49, 0x4C, 0x4F, 0x00, 0x46, 0x41, 0x43,
    0x45, 0x20, 0x4F, 0x50, 0x50, 0x4F, 0x4E, 0x45, 0x4E, 0x54, 0x53, 0x00, 0x45, 0x4E, 0x46, 0x52,
    0xC9, 0x4E, 0x54, 0x41, 0x54, 0x45, 0x20, 0x41, 0x20, 0x4F, 0x50, 0x4F, 0x4E, 0x45, 0x4E, 0x54,
    0x45, 0x53, 0x00, 0x54, 0x52, 0x45, 0x46, 0x46, 0x45, 0x4E, 0x20, 0x53, 0x49, 0x45, 0x20, 0x47,
    0x45, 0x47, 0x4E, 0x45, 0x52, 0x00, 0x41, 0x46, 0x46, 0x52, 0x4F, 0x4E, 0x54, 0x45, 0x5A, 0x20,
    0x44, 0x45, 0x53, 0x20, 0x41, 0x44, 0x56, 0x45, 0x52, 0x53, 0x41, 0x49, 0x52, 0x45, 0x53, 0x00,
    0x41, 0x46, 0x46, 0x52, 0x4F, 0x4E, 0x54, 0x41, 0x20, 0x41, 0x56, 0x56, 0x45, 0x52, 0x53, 0x41,
    0x52, 0x49, 0x00, 0x41, 0x43, 0x52, 0x4F, 0x53, 0x53, 0x20, 0x4F, 0x55, 0x54, 0x57, 0x4F, 0x52,
    0x4C, 0x44, 0x00, 0x50, 0x4F, 0x52, 0x20, 0x45, 0x4C, 0x20, 0x4D, 0x55, 0x4E, 0x44, 0x4F, 0x20,
    0x45, 0x58, 0x54, 0x45, 0x52, 0x49, 0x4F, 0x52, 0x00, 0x49, 0x4E, 0x20, 0x44, 0x45, 0x52, 0x20,
    0x47, 0x41, 0x4E, 0x5A, 0x45, 0x4E, 0x20, 0x41, 0x55, 0x53, 0x53, 0x45, 0x4E, 0x57, 0x45, 0x4C,
    0x54, 0x2C, 0x00, 0xC0, 0x20, 0x54, 0x52, 0x41, 0x56, 0x45, 0x52, 0x53, 0x20, 0x4C, 0x45, 0x20,
    0x4D, 0x4F, 0x4E, 0x44, 0x45, 0x00, 0x4E, 0x45, 0x4C, 0x20, 0x4D, 0x4F, 0x4E, 0x44, 0x4F, 0x20,
    0x45, 0x53, 0x54, 0x45, 0x52, 0x4E, 0x4F, 0x00, 0x54, 0x4F, 0x20, 0x44, 0x45, 0x46, 0x45, 0x41,
    0x54, 0x20, 0x54, 0x48, 0x45, 0x00, 0x50, 0x41, 0x52, 0x41, 0x20, 0x44, 0x45, 0x52, 0x52, 0x4F,
    0x54, 0x41, 0x52, 0x20, 0x41, 0x20, 0x00, 0x55, 0x4D, 0x20, 0x44, 0x49, 0x45, 0x20, 0x54, 0xD6,
    0x44, 0x4C, 0x49, 0x43, 0x48, 0x45, 0x00, 0x45, 0x58, 0x54, 0xC9, 0x52, 0x49, 0x45, 0x55, 0x52,
    0x20, 0x50, 0x4F, 0x55, 0x52, 0x20, 0x56, 0x41, 0x49, 0x4E, 0x43, 0x52, 0x45, 0x00, 0x50, 0x45,
    0x52, 0x20, 0x53, 0x43, 0x4F, 0x4E, 0x46, 0x49, 0x47, 0x47, 0x45, 0x52, 0x45, 0x20, 0x00, 0x44,
    0x45, 0x41, 0x44, 0x4C, 0x59, 0x20, 0x41, 0x4C, 0x4C, 0x49, 0x41, 0x4E, 0x43, 0x45, 0x00, 0x4C,
    0x41, 0x20, 0x41, 0x4C, 0x49, 0x41, 0x4E, 0x5A, 0x41, 0x20, 0x4D, 0x4F, 0x52, 0x54, 0x41, 0x4C,
    0x00, 0x41, 0x4C, 0x4C, 0x49, 0x41, 0x4E, 0x5A, 0x20, 0x5A, 0x55, 0x20, 0x42, 0x45, 0x53, 0x49,
    0x45, 0x47, 0x45, 0x4E, 0x00, 0x4C, 0x27, 0x41, 0x4C, 0x4C, 0x49, 0x41, 0x4E, 0x43, 0x45, 0x20,
    0x4D, 0x4F, 0x52, 0x54, 0x45, 0x4C, 0x4C, 0x45, 0x00, 0x4C, 0x27, 0x41, 0x4C, 0x4C, 0x45, 0x41,
    0x4E, 0x5A, 0x41, 0x20, 0x4D, 0x4F, 0x52, 0x54, 0x41, 0x4C, 0x45, 0x00, 0x50, 0x4C, 0x41, 0x59,
    0x20, 0x41, 0x47, 0x41, 0x49, 0x4E, 0x53, 0x54, 0x20, 0x41, 0x00, 0x4A, 0x55, 0x45, 0x47, 0x41,
    0x20, 0x43, 0x4F, 0x4E, 0x54, 0x52, 0x41, 0x20, 0x55, 0x4E, 0x00, 0x53, 0x50, 0x49, 0x45, 0x4C,
    0x45, 0x4E, 0x20, 0x53, 0x49, 0x45, 0x20, 0x47, 0x45, 0x47, 0x45, 0x4E, 0x20, 0x45, 0x49, 0x4E,
    0x45, 0x4E, 0x00, 0x4A, 0x4F, 0x55, 0x45, 0x5A, 0x20, 0x43, 0x4F, 0x4E, 0x54, 0x52, 0x45, 0x20,
    0x55, 0x4E, 0x00, 0x47, 0x49, 0x4F, 0x43, 0x41, 0x20, 0x43, 0x4F, 0x4E, 0x54, 0x52, 0x4F, 0x20,
    0x55, 0x4E, 0x00, 0x46, 0x52, 0x49, 0x45, 0x4E, 0x44, 0x00, 0x41, 0x4D, 0x49, 0x47, 0x4F, 0x00,
    0x46, 0x52, 0x45, 0x55, 0x4E, 0x44, 0x00, 0x41, 0x4D, 0x49, 0x00, 0x41, 0x4D, 0x49, 0x43, 0x4F,
    0x00, 0x4F, 0x52, 0x20, 0x45, 0x4E, 0x45, 0x4D, 0x59, 0x00, 0x4F, 0x20, 0x45, 0x4E, 0x45, 0x4D,
    0x49, 0x47, 0x4F, 0x00, 0x4F, 0x44, 0x45, 0x52, 0x20, 0x46, 0x45, 0x49, 0x4E, 0x44, 0x00, 0x4F,
    0x55, 0x20, 0x45, 0x4E, 0x4E, 0x45, 0x4D, 0x49, 0x00, 0x4F, 0x20, 0x55, 0x4E, 0x20, 0x4E, 0x45,
    0x4D, 0x49, 0x43, 0x4F, 0x00, 0x54, 0x52, 0x41, 0x56, 0x45, 0x4C, 0x20, 0x4F, 0x4E, 0x20, 0x41,
    0x20, 0x4C, 0x4F, 0x4E, 0x47, 0x00, 0x52, 0x45, 0x41, 0x4C, 0x49, 0x5A, 0x41, 0x20, 0x55, 0x4E,
    0x20, 0x4C, 0x41, 0x52, 0x47, 0x4F, 0x00, 0x55, 0x4E, 0x54, 0x45, 0x52, 0x4E, 0x45, 0x48, 0x4D,
    0x45, 0x4E, 0x20, 0x53, 0x49, 0x45, 0x20, 0x45, 0x49, 0x4E, 0x45, 0x20, 0x4C, 0x41, 0x4E, 0x47,
    0x45, 0x00, 0x45, 0x46, 0x46, 0x45, 0x43, 0x54, 0x55, 0x45, 0x5A, 0x20, 0x55, 0x4E, 0x20, 0x4C,
    0x4F, 0x4E, 0x47, 0x00, 0x49, 0x4E, 0x54, 0x52, 0x41, 0x50, 0x52, 0x45, 0x4E, 0x44, 0x49, 0x20,
    0x55, 0x4E, 0x20, 0x4C, 0x55, 0x4E, 0x47, 0x4F, 0x00, 0x4A, 0x4F, 0x55, 0x52, 0x4E, 0x45, 0x59,
    0x2C, 0x20, 0x45, 0x41, 0x52, 0x4E, 0x49, 0x4E, 0x47, 0x00, 0x56, 0x49, 0x41, 0x4A, 0x45, 0x2C,
    0x20, 0x47, 0x41, 0x4E, 0x41, 0x00, 0x52, 0x45, 0x49, 0x53, 0x45, 0x20, 0x55, 0x4E, 0x44, 0x20,
    0x56, 0x45, 0x52, 0x44, 0x49, 0x45, 0x4E, 0x45, 0x4E, 0x20, 0x53, 0x49, 0x45, 0x00, 0x56, 0x4F,
    0x59, 0x41, 0x47, 0x45, 0x2C, 0x20, 0x4F, 0xD9, 0x20, 0x56, 0x4F, 0x55, 0x53, 0x20, 0x47, 0x41,
    0x47, 0x4E, 0x45, 0x5A, 0x00, 0x56, 0x49, 0x41, 0x47, 0x47, 0x49, 0x4F, 0x20, 0x45, 0x20, 0x47,
    0x55, 0x41, 0x44, 0x41, 0x47, 0x4E, 0x41, 0x00, 0x4B, 0x55, 0x52, 0x52, 0x45, 0x4E, 0x43, 0x59,
    0x20, 0x41, 0x53, 0x20, 0x59, 0x4F, 0x55, 0x00, 0x44, 0x49, 0x4E, 0x45, 0x52, 0x4F, 0x20, 0x41,
    0x4C, 0x20, 0x54, 0x49, 0x45, 0x4D, 0x50, 0x4F, 0x20, 0x51, 0x55, 0x45, 0x00, 0x4B, 0x55, 0x52,
    0x52, 0x45, 0x4E, 0x43, 0x59, 0x2C, 0x20, 0x57, 0xC4, 0x48, 0x52, 0x45, 0x4E, 0x44, 0x20, 0x53,
    0x49, 0x45, 0x20, 0x53, 0x49, 0x43, 0x48, 0x00, 0x44, 0x45, 0x20, 0x4C, 0x41, 0x20, 0x4D, 0x4F,
    0x4E, 0x4E, 0x41, 0x49, 0x45, 0x20, 0x54, 0x4F, 0x55, 0x54, 0x20, 0x45, 0x4E, 0x00, 0x4D, 0x4B,
    0x2D, 0x56, 0x41, 0x4C, 0x55, 0x54, 0x41, 0x20, 0x00, 0x46, 0x41, 0x43, 0x45, 0x20, 0x48, 0x55,
    0x4E, 0x44, 0x52, 0x45, 0x44, 0x53, 0x00, 0x54, 0x45, 0x20, 0x45, 0x4E, 0x46, 0x52, 0x45, 0x4E,
    0x54, 0x41, 0x53, 0x20, 0x41, 0x20, 0x43, 0x49, 0x45, 0x4E, 0x54, 0x4F, 0x53, 0x00, 0x48, 0x55,
    0x4E, 0x44, 0x45, 0x52, 0x54, 0x45, 0x4E, 0x20, 0x56, 0x4F, 0x4E, 0x00, 0x41, 0x46, 0x46, 0x52,
    0x4F, 0x4E, 0x54, 0x41, 0x4E, 0x54, 0x20, 0x44, 0x45, 0x53, 0x20, 0x43, 0x45, 0x4E, 0x54, 0x41,
    0x49, 0x4E, 0x45, 0x53, 0x00, 0x41, 0x46, 0x46, 0x52, 0x4F, 0x4E, 0x54, 0x41, 0x4E, 0x44, 0x4F,
    0x20, 0x43, 0x45, 0x4E, 0x54, 0x49, 0x4E, 0x41, 0x49, 0x41, 0x00, 0x4F, 0x46, 0x20, 0x43, 0x48,
    0x41, 0x4C, 0x4C, 0x45, 0x4E, 0x47, 0x45, 0x53, 0x00, 0x44, 0x45, 0x20, 0x52, 0x45, 0x54, 0x4F,
    0x53, 0x00, 0x48, 0x45, 0x52, 0x41, 0x55, 0x53, 0x46, 0x4F, 0x52, 0x44, 0x45, 0x52, 0x55, 0x4E,
    0x47, 0x45, 0x4E, 0x20, 0x53, 0x54, 0x45, 0x4C, 0x4C, 0x45, 0x4E, 0x00, 0x44, 0x45, 0x20, 0x44,
    0xC9, 0x46, 0x49, 0x53, 0x00, 0x44, 0x49, 0x20, 0x53, 0x46, 0x49, 0x44, 0x45, 0x00, 0x42, 0x55,
    0x59, 0x20, 0x43, 0x48, 0x41, 0x52, 0x41, 0x43, 0x54, 0x45, 0x52, 0x53, 0x00, 0x43, 0x4F, 0x4D,
    0x50, 0x52, 0x41, 0x53, 0x20, 0x50, 0x45, 0x52, 0x53, 0x4F, 0x4E, 0x41, 0x4A, 0x45, 0x53, 0x00,
    0x4B, 0x41, 0x55, 0x46, 0x45, 0x4E, 0x20, 0x53, 0x49, 0x45, 0x20, 0x46, 0x49, 0x47, 0x55, 0x52,
    0x45, 0x4E, 0x00, 0x41, 0x43, 0x48, 0x45, 0x54, 0x45, 0x5A, 0x20, 0x44, 0x45, 0x53, 0x20, 0x50,
    0x45, 0x52, 0x53, 0x4F, 0x4E, 0x4E, 0x41, 0x47, 0x45, 0x53, 0x00, 0x41, 0x43, 0x51, 0x55, 0x49,
    0x53, 0x54, 0x41, 0x20, 0x50, 0x45, 0x52, 0x53, 0x4F, 0x4E, 0x41, 0x47, 0x47, 0x49, 0x00, 0x41,
    0x52, 0x45, 0x4E, 0x41, 0x53, 0x20, 0x41, 0x4E, 0x44, 0x00, 0x41, 0x52, 0x45, 0x4E, 0x41, 0x53,
    0x20, 0x59, 0x00, 0x41, 0x52, 0x45, 0x4E, 0x45, 0x4E, 0x20, 0x55, 0x4E, 0x44, 0x00, 0x44, 0x45,
    0x53, 0x20, 0x41, 0x52, 0xC8, 0x4E, 0x45, 0x53, 0x20, 0x45, 0x54, 0x00, 0x41, 0x52, 0x45, 0x4E,
    0x45, 0x20, 0x45, 0x20, 0x00, 0x45, 0x58, 0x54, 0x52, 0x41, 0x53, 0x20, 0x57, 0x49, 0x54, 0x48,
    0x00, 0x45, 0x58, 0x54, 0x52, 0x41, 0x53, 0x20, 0x43, 0x4F, 0x4E, 0x00, 0x45, 0x58, 0x54, 0x52,
    0x41, 0x53, 0x20, 0x4D, 0x49, 0x54, 0x00, 0x44, 0x45, 0x53, 0x20, 0x53, 0x55, 0x50, 0x50, 0x4C,
    0xC9, 0x4D, 0x45, 0x4E, 0x54, 0x53, 0x20, 0x41, 0x56, 0x45, 0x43, 0x00, 0x45, 0x58, 0x54, 0x52,
    0x41, 0x20, 0x43, 0x4F, 0x4E, 0x20, 0x00, 0x59, 0x4F, 0x55, 0x52, 0x20, 0x45, 0x41, 0x52, 0x4E,
    0x45, 0x44, 0x00, 0x45, 0x4C, 0x20, 0x44, 0x49, 0x4E, 0x45, 0x52, 0x4F, 0x00, 0x49, 0x48, 0x52,
    0x45, 0x52, 0x20, 0x56, 0x45, 0x52, 0x44, 0x49, 0x45, 0x4E, 0x54, 0x45, 0x4E, 0x00, 0x4C, 0x41,
    0x20, 0x4D, 0x4F, 0x4E, 0x4E, 0x41, 0x49, 0x45, 0x20, 0x51, 0x55, 0x45, 0x00, 0x4C, 0x41, 0x20,
    0x4D, 0x4B, 0x2D, 0x56, 0x41, 0x4C, 0x55, 0x54, 0x41, 0x00, 0x4B, 0x55, 0x52, 0x52, 0x45, 0x4E,
    0x43, 0x59, 0x00, 0x47, 0x41, 0x4E, 0x41, 0x44, 0x4F, 0x00, 0x56, 0x4F, 0x55, 0x53, 0x20, 0x41,
    0x56, 0x45, 0x5A, 0x20, 0x47, 0x41, 0x47, 0x4E, 0xC9, 0x45, 0x00, 0x47, 0x55, 0x41, 0x44, 0x41,
    0x47, 0x4E, 0x41, 0x54, 0x41, 0x00, 0x4C, 0x45, 0x41, 0x52, 0x4E, 0x20, 0x54, 0x48, 0x45, 0x20,
    0x4D, 0x4F, 0x56, 0x45, 0x53, 0x00, 0x41, 0x50, 0x52, 0x45, 0x4E, 0x44, 0x45, 0x20, 0x4D, 0x4F,
    0x56, 0x49, 0x4D, 0x49, 0x45, 0x4E, 0x54, 0x4F, 0x53, 0x00, 0x4C, 0x45, 0x52, 0x4E, 0x45, 0x4E,
    0x20, 0x53, 0x49, 0x45, 0x20, 0x42, 0x45, 0x57, 0x45, 0x47, 0x55, 0x4E, 0x47, 0x45, 0x4E, 0x2C,
    0x00, 0x41, 0x50, 0x50, 0x52, 0x45, 0x4E, 0x45, 0x5A, 0x20, 0x4C, 0x45, 0x53, 0x20, 0x4D, 0x4F,
    0x55, 0x56, 0x45, 0x4D, 0x45, 0x4E, 0x54, 0x53, 0x00, 0x49, 0x4D, 0x50, 0x41, 0x52, 0x41, 0x20,
    0x4C, 0x45, 0x20, 0x4D, 0x4F, 0x53, 0x53, 0x45, 0x00, 0x54, 0x48, 0x41, 0x54, 0x20, 0x57, 0x49,
    0x4C, 0x4C, 0x20, 0x4D, 0x41, 0x4B, 0x45, 0x00, 0x51, 0x55, 0x45, 0x20, 0x48, 0x41, 0x52, 0xC1,
    0x4E, 0x20, 0x44, 0x45, 0x20, 0x54, 0x49, 0x00, 0x44, 0x49, 0x45, 0x20, 0x53, 0x49, 0x45, 0x20,
    0x5A, 0x55, 0x4D, 0x00, 0x51, 0x55, 0x49, 0x20, 0x46, 0x45, 0x52, 0x4F, 0x4E, 0x54, 0x20, 0x44,
    0x45, 0x20, 0x56, 0x4F, 0x55, 0x53, 0x00, 0x43, 0x48, 0x45, 0x20, 0x54, 0x49, 0x20, 0x54, 0x52,
    0x41, 0x53, 0x46, 0x4F, 0x52, 0x4D, 0x45, 0x52, 0x41, 0x4E, 0x4E, 0x4F, 0x00, 0x59, 0x4F, 0x55,
    0x20, 0x41, 0x20, 0x4D, 0x41, 0x53, 0x54, 0x45, 0x52, 0x00, 0x55, 0x4E, 0x20, 0x4D, 0x41, 0x45,
    0x53, 0x54, 0x52, 0x4F, 0x00, 0x4D, 0x45, 0x49, 0x53, 0x54, 0x45, 0x52, 0x4B, 0xC4, 0x4D, 0x50,
    0x46, 0x45, 0x52, 0x00, 0x55, 0x4E, 0x20, 0x4D, 0x41, 0xCE, 0x54, 0x52, 0x45, 0x00, 0x49, 0x4E,
    0x20, 0x55, 0x4E, 0x20, 0x4D, 0x41, 0x45, 0x53, 0x54, 0x52, 0x4F, 0x00, 0x4B, 0x4F, 0x4D, 0x42,
    0x41, 0x54, 0x41, 0x4E, 0x54, 0x00, 0x4B, 0x4F, 0x4D, 0x42, 0x41, 0x54, 0x49, 0x45, 0x4E, 0x54,
    0x45, 0x00, 0x4D, 0x41, 0x43, 0x48, 0x45, 0x4E, 0x00, 0x43, 0x4F, 0x4D, 0x42, 0x41, 0x54, 0x54,
    0x41, 0x4E, 0x54, 0x00, 0x4B, 0x4F, 0x4D, 0x42, 0x41, 0x54, 0x54, 0x45, 0x4E, 0x54, 0x45, 0x00,
    0x56, 0x49, 0x45, 0x57, 0x20, 0x50, 0x55, 0x52, 0x43, 0x48, 0x41, 0x53, 0x45, 0x44, 0x00, 0x56,
    0x45, 0x20, 0x4C, 0x4F, 0x53, 0x20, 0x4F, 0x42, 0x4A, 0x45, 0x54, 0x4F, 0x53, 0x00, 0x5A, 0x45,
    0x49, 0x47, 0x45, 0x4E, 0x20, 0x53, 0x49, 0x45, 0x20, 0x47, 0x45, 0x4B, 0x41, 0x55, 0x46, 0x54,
    0x45, 0x00, 0x56, 0x4F, 0x59, 0x45, 0x5A, 0x20, 0x4C, 0x45, 0x53, 0x20, 0x4F, 0x42, 0x4A, 0x45,
    0x54, 0x53, 0x20, 0x41, 0x43, 0x51, 0x55, 0x49, 0x53, 0x00, 0x56, 0x45, 0x44, 0x49, 0x20, 0x47,
    0x4C, 0x49, 0x20, 0x4F, 0x47, 0x47, 0x45, 0x54, 0x54, 0x49, 0x20, 0x00, 0x4B, 0x52, 0x59, 0x50,
    0x54, 0x20, 0x49, 0x54, 0x45, 0x4D, 0x53, 0x00, 0x43, 0x4F, 0x4D, 0x50, 0x52, 0x41, 0x44, 0x4F,
    0x53, 0x20, 0x44, 0x45, 0x20, 0x4C, 0x41, 0x20, 0x4B, 0x52, 0x49, 0x50, 0x54, 0x41, 0x00, 0x4B,
    0x52, 0x59, 0x50, 0x54, 0x41, 0x2D, 0x47, 0x45, 0x47, 0x45, 0x4E, 0x53, 0x54, 0xC4, 0x4E, 0x44,
    0x45, 0x00, 0x44, 0x41, 0x4E, 0x53, 0x20, 0x4C, 0x41, 0x20, 0x4B, 0x52, 0x59, 0x50, 0x54, 0x45,
    0x00, 0x41, 0x43, 0x51, 0x55, 0x49, 0x53, 0x54, 0x41, 0x54, 0x49, 0x20, 0x4E, 0x45, 0x4C, 0x4C,
    0x41, 0x20, 0x4B, 0x52, 0x49, 0x50, 0x54, 0x41, 0x00, 0x55, 0x4E, 0x4C, 0x4F, 0x43, 0x4B, 0x45,
    0x44, 0x20, 0x45, 0x4E, 0x44, 0x49, 0x4E, 0x47, 0x53, 0x00, 0x46, 0x49, 0x4E, 0x41, 0x4C, 0x45,
    0x53, 0x20, 0x44, 0x45, 0x53, 0x42, 0x4C, 0x4F, 0x51, 0x55, 0x45, 0x41, 0x44, 0x4F, 0x53, 0x00,
    0x46, 0x52, 0x45, 0x49, 0x47, 0x45, 0x53, 0x43, 0x48, 0x41, 0x4C, 0x54, 0x45, 0x54, 0x45, 0x20,
    0x45, 0x4E, 0x44, 0x53, 0x5A, 0x45, 0x4E, 0x45, 0x4E, 0x00, 0x4C, 0x45, 0x53, 0x20, 0x44, 0xC9,
    0x4E, 0x4F, 0x55, 0x45, 0x4D, 0x45, 0x4E, 0x54, 0x53, 0x20, 0x44, 0xC9, 0x42, 0x4C, 0x4F, 0x51,
    0x55, 0xC9, 0x53, 0x00, 0x49, 0x20, 0x46, 0x49, 0x4E, 0x41, 0x4C, 0x49, 0x20, 0x41, 0x54, 0x54,
    0x49, 0x56, 0x41, 0x54, 0x49, 0x00, 0x41, 0x4E, 0x44, 0x20, 0x45, 0x58, 0x43, 0x4C, 0x55, 0x53,
    0x49, 0x56, 0x45, 0x00, 0x59, 0x20, 0x56, 0xCD, 0x44, 0x45, 0x4F, 0x53, 0x00, 0x55, 0x4E, 0x44,
    0x20, 0x45, 0x58, 0x4B, 0x4C, 0x55, 0x53, 0x49, 0x56, 0x45, 0x00, 0x45, 0x54, 0x20, 0x4C, 0x45,
    0x53, 0x20, 0x56, 0x49, 0x44, 0xC9, 0x4F, 0x53, 0x00, 0x45, 0x20, 0x46, 0x49, 0x4C, 0x4D, 0x41,
    0x54, 0x49, 0x00, 0x56, 0x49, 0x44, 0x45, 0x4F, 0x53, 0x00, 0x45, 0x58, 0x43, 0x4C, 0x55, 0x53,
    0x49, 0x56, 0x4F, 0x53, 0x00, 0x56, 0x49, 0x44, 0x45, 0x4F, 0x53, 0x20, 0x41, 0x4E, 0x00, 0x45,
    0x58, 0x43, 0x4C, 0x55, 0x53, 0x49, 0x56, 0x45, 0x53, 0x00, 0x45, 0x53, 0x43, 0x4C, 0x55, 0x53,
    0x49, 0x56, 0x49, 0x00, 0x44, 0x49, 0x46, 0x46, 0x49, 0x43, 0x55, 0x4C, 0x54, 0x59, 0x20, 0x4C,
    0x45, 0x56, 0x45, 0x4C, 0x00, 0x4E, 0x49, 0x56, 0x45, 0x4C, 0x20, 0x44, 0x45, 0x20, 0x44, 0x49,
    0x46, 0x49, 0x43, 0x55, 0x4C, 0x54, 0x41, 0x44, 0x00, 0x53, 0x43, 0x48, 0x57, 0x49, 0x45, 0x52,
    0x49, 0x47, 0x4B, 0x45, 0x49, 0x54, 0x53, 0x47, 0x52, 0x41, 0x44, 0x00, 0x4E, 0x49, 0x56, 0x45,
    0x41, 0x55, 0x20, 0x44, 0x45, 0x20, 0x44, 0x49, 0x46, 0x46, 0x49, 0x43, 0x55, 0x4C, 0x54, 0xC9,
    0x00, 0x4C, 0x49, 0x56, 0x45, 0x4C, 0x4C, 0x4F, 0x20, 0x44, 0x49, 0x20, 0x44, 0x49, 0x46, 0x46,
    0x49, 0x43, 0x4F, 0x4C, 0x54, 0xC0, 0x00, 0x4D, 0x49, 0x4E, 0x49, 0x20, 0x47, 0x41, 0x4D, 0x45,
    0x00, 0x4D, 0x49, 0x4E, 0x49, 0x4A, 0x55, 0x45, 0x47, 0x4F, 0x00, 0x4D, 0x49, 0x4E, 0x49, 0x2D,
    0x53, 0x50, 0x49, 0x45, 0x4C, 0x00, 0x4D, 0x49, 0x4E, 0x49, 0x20, 0x50, 0x41, 0x52, 0x54, 0x49,
    0x45, 0x00, 0x41, 0x44, 0x4A, 0x55, 0x53, 0x54, 0x20, 0x53, 0x4F, 0x55, 0x4E, 0x44, 0x00, 0x41,
    0x4A, 0x55, 0x53, 0x54, 0x41, 0x52, 0x20, 0x53, 0x4F, 0x4E, 0x49, 0x44, 0x4F, 0x00, 0x53, 0x4F,
    0x55, 0x4E, 0x44, 0x20, 0x41, 0x4E, 0x50, 0x41, 0x53, 0x53, 0x45, 0x4E, 0x00, 0x52, 0xC9, 0x47,
    0x4C, 0x45, 0x52, 0x20, 0x4C, 0x45, 0x20, 0x53, 0x4F, 0x4E, 0x00, 0x52, 0x45, 0x47, 0x4F, 0x4C,
    0x41, 0x20, 0x49, 0x4D, 0x50, 0x4F, 0x53, 0x54, 0x41, 0x5A, 0x49, 0x4F, 0x4E, 0x49, 0x00, 0x53,
    0x45, 0x54, 0x54, 0x49, 0x4E, 0x47, 0x53, 0x00, 0x43, 0x4F, 0x4E, 0x46, 0x49, 0x47, 0x55, 0x52,
    0x41, 0x43, 0x49, 0xD3, 0x4E, 0x00, 0x45, 0x49, 0x4E, 0x53, 0x54, 0x45, 0x4C, 0x4C, 0x55, 0x4E,
    0x47, 0x45, 0x4E, 0x00, 0x50, 0x41, 0x52, 0x41, 0x4D, 0xC8, 0x54, 0x52, 0x45, 0x53, 0x00, 0x53,
    0x55, 0x4F, 0x4E, 0x4F, 0x00, 0x41, 0x44, 0x4A, 0x55, 0x53, 0x54, 0x4D, 0x45, 0x4E, 0x54, 0x53,
    0x00, 0x41, 0x4A, 0x55, 0x53, 0x54, 0x45, 0x53, 0x00, 0x41, 0x4E, 0x50, 0x41, 0x53, 0x53, 0x45,
    0x4E, 0x00, 0x44, 0x45, 0x20, 0x4C, 0x92, 0xC9, 0x43, 0x52, 0x41, 0x4E, 0x00, 0x53, 0x48, 0x45,
    0x52, 0x4D, 0x4F, 0x00, 0x53, 0x43, 0x52, 0x45, 0x45, 0x4E, 0x20, 0x53, 0x49, 0x5A, 0x45, 0x00,
    0x54, 0x41, 0x4D, 0x41, 0xD1, 0x4F, 0x20, 0x44, 0x45, 0x20, 0x50, 0x41, 0x4E, 0x54, 0x41, 0x4C,
    0x4C, 0x41, 0x00, 0x42, 0x49, 0x4C, 0x44, 0x53, 0x43, 0x48, 0x49, 0x52, 0x4D, 0x47, 0x52, 0xD6,
    0x53, 0x53, 0x45, 0x00, 0x52, 0xC9, 0x47, 0x4C, 0x45, 0x52, 0x20, 0x4C, 0x41, 0x20, 0x50, 0x4F,
    0x53, 0x49, 0x54, 0x49, 0x4F, 0x4E, 0x00, 0x49, 0x4D, 0x50, 0x4F, 0x53, 0x54, 0x41, 0x5A, 0x49,
    0x4F, 0x4E, 0x49, 0x20, 0x44, 0x49, 0x4D, 0x45, 0x4E, 0x53, 0x49, 0x4F, 0x4E, 0x45, 0x20, 0x00,
    0x56, 0x49, 0x45, 0x57, 0x20, 0x43, 0x48, 0x41, 0x52, 0x41, 0x43, 0x54, 0x45, 0x52, 0x00, 0x56,
    0x45, 0x52, 0x20, 0x50, 0x45, 0x52, 0x53, 0x4F, 0x4E, 0x41, 0x4A, 0x45, 0x00, 0x46, 0x49, 0x47,
    0x55, 0x52, 0x20, 0x41, 0x4E, 0x5A, 0x45, 0x49, 0x47, 0x45, 0x4E, 0x00, 0x56, 0x4F, 0x49, 0x52,
    0x20, 0x42, 0x49, 0x4F, 0x47, 0x52, 0x41, 0x50, 0x48, 0x49, 0x45, 0x53, 0x00, 0x56, 0x45, 0x44,
    0x49, 0x20, 0x42, 0x49, 0x4F, 0x47, 0x52, 0x41, 0x46, 0x49, 0x45, 0x20, 0x00, 0x42, 0x49, 0x4F,
    0x47, 0x52, 0x41, 0x50, 0x48, 0x49, 0x45, 0x53, 0x00, 0x42, 0x49, 0x4F, 0x47, 0x52, 0x41, 0x46,
    0xCD, 0x41, 0x53, 0x00, 0x49, 0x4E, 0x20, 0x44, 0x45, 0x52, 0x20, 0x4B, 0x59, 0x50, 0x54, 0x41,
    0x20, 0x47, 0x45, 0x4B, 0x41, 0x55, 0x46, 0x54, 0x45, 0x00, 0x44, 0x45, 0x53, 0x20, 0x50, 0x45,
    0x52, 0x53, 0x4F, 0x4E, 0x4E, 0x41, 0x47, 0x45, 0x53, 0x00, 0x50, 0x45, 0x52, 0x53, 0x4F, 0x4E,
    0x41, 0x47, 0x47, 0x49, 0x4F, 0x20, 0x00, 0x41, 0x4E, 0x44, 0x20, 0x43, 0x4F, 0x53, 0x54, 0x55,
    0x4D, 0x45, 0x53, 0x00, 0x59, 0x20, 0x54, 0x52, 0x41, 0x4A, 0x45, 0x53, 0x00, 0x42, 0x49, 0x4F,
    0x47, 0x52, 0x41, 0x50, 0x48, 0x49, 0x45, 0x4E, 0x00, 0x45, 0x54, 0x20, 0x43, 0x4F, 0x53, 0x54,
    0x55, 0x4D, 0x45, 0x53, 0x00, 0x45, 0x20, 0x43, 0x4F, 0x53, 0x54, 0x55, 0x4D, 0x49, 0x00, 0x50,
    0x55, 0x52, 0x43, 0x48, 0x41, 0x53, 0x45, 0x44, 0x20, 0x49, 0x4E, 0x00, 0x43, 0x4F, 0x4D, 0x50,
    0x52, 0x41, 0x44, 0x4F, 0x53, 0x20, 0x45, 0x4E, 0x00, 0x55, 0x4E, 0x44, 0x00, 0x41, 0x43, 0x51,
    0x55, 0x49, 0x53, 0x20, 0x44, 0x41, 0x4E, 0x53, 0x00, 0x41, 0x43, 0x51, 0x55, 0x49, 0x53, 0x54,
    0x41, 0x54, 0x49, 0x20, 0x4E, 0x45, 0x4C, 0x4C, 0x41, 0x00, 0x54, 0x48, 0x45, 0x20, 0x4B, 0x52,
    0x59, 0x50, 0x54, 0x00, 0x4C, 0x41, 0x20, 0x4B, 0x52, 0x49, 0x50, 0x54, 0x41, 0x00, 0x4F, 0x55,
    0x54, 0x46, 0x49, 0x54, 0x53, 0x00, 0x4C, 0x41, 0x20, 0x4B, 0x52, 0x59, 0x50, 0x54, 0x45, 0x00,
    0x4B, 0x52, 0x49, 0x50, 0x54, 0x41, 0x00, 0x45, 0x4E, 0x44, 0x49, 0x4E, 0x47, 0x53, 0x20, 0x55,
    0x4E, 0x4C, 0x4F, 0x43, 0x4B, 0x45, 0x44, 0x00, 0x46, 0x52, 0x45, 0x49, 0x47, 0x45, 0x53, 0x43,
    0x48, 0x41, 0x4C, 0x54, 0x45, 0x54, 0x45, 0x00, 0x44, 0x45, 0x53, 0x20, 0x50, 0x45, 0x52, 0x53,
    0x4F, 0x4E, 0x4E, 0x41, 0x47, 0x45, 0x53, 0x20, 0x44, 0xC9, 0x42, 0x4C, 0x4F, 0x51, 0x55, 0xC9,
    0x53, 0x00, 0x50, 0x45, 0x52, 0x53, 0x4F, 0x4E, 0x41, 0x47, 0x47, 0x49, 0x20, 0x53, 0x42, 0x4C,
    0x4F, 0x43, 0x43, 0x41, 0x54, 0x49, 0x00, 0x49, 0x4E, 0x20, 0x41, 0x52, 0x43, 0x41, 0x44, 0x45,
    0x20, 0x4D, 0x4F, 0x44, 0x45, 0x00, 0x45, 0x4E, 0x20, 0x4D, 0x4F, 0x44, 0x4F, 0x20, 0x41, 0x52,
    0x43, 0x41, 0x44, 0x45, 0x00, 0x46, 0x49, 0x47, 0x55, 0x52, 0x45, 0x4E, 0x2D, 0x45, 0x4E, 0x44,
    0x53, 0x5A, 0x45, 0x4E, 0x45, 0x4E, 0x20, 0x41, 0x4E, 0x5A, 0x45, 0x49, 0x47, 0x45, 0x4E, 0x00,
    0x45, 0x4E, 0x20, 0x4D, 0x4F, 0x44, 0x45, 0x20, 0x41, 0x52, 0x43, 0x41, 0x44, 0x45, 0x00, 0x4E,
    0x45, 0x4C, 0x4C, 0x41, 0x20, 0x4D, 0x4F, 0x44, 0x41, 0x4C, 0x49, 0x54, 0xC0, 0x20, 0x41, 0x52,
    0x43, 0x41, 0x44, 0x45, 0x00, 0x56, 0x49, 0x45, 0x57, 0x20, 0x41, 0x52, 0x45, 0x4E, 0x41, 0x20,
    0x49, 0x4D, 0x41, 0x47, 0x45, 0x53, 0x00, 0x56, 0x45, 0x52, 0x20, 0x49, 0x4D, 0xC1, 0x47, 0x45,
    0x4E, 0x45, 0x53, 0x20, 0x44, 0x45, 0x20, 0x41, 0x52, 0x45, 0x4E, 0x41, 0x53, 0x00, 0x56, 0x4F,
    0x49, 0x52, 0x20, 0x49, 0x4D, 0x41, 0x47, 0x45, 0x53, 0x20, 0x44, 0x27, 0x41, 0x52, 0xC8, 0x4E,
    0x45, 0x00, 0x56, 0x45, 0x44, 0x49, 0x20, 0x49, 0x4D, 0x4D, 0x41, 0x47, 0x49, 0x4E, 0x49, 0x20,
    0x44, 0x45, 0x4C, 0x4C, 0x27, 0x41, 0x52, 0x45, 0x4E, 0x41, 0x00, 0x41, 0x4E, 0x44, 0x20, 0x53,
    0x54, 0x4F, 0x52, 0x49, 0x45, 0x53, 0x00, 0x45, 0x20, 0x48, 0x49, 0x53, 0x54, 0x4F, 0x52, 0x49,
    0x41, 0x53, 0x00, 0x41, 0x52, 0x45, 0x4E, 0x45, 0x4E, 0x42, 0x49, 0x4C, 0x44, 0x45, 0x52, 0x00,
    0x45, 0x54, 0x20, 0x48, 0x49, 0x53, 0x54, 0x4F, 0x49, 0x52, 0x45, 0x53, 0x00, 0x45, 0x20, 0x53,
    0x54, 0x4F, 0x52, 0x49, 0x45, 0x00, 0x56, 0x49, 0x45, 0x57, 0x20, 0x53, 0x4B, 0x45, 0x54, 0x43,
    0x48, 0x45, 0x53, 0x2C, 0x00, 0x56, 0x45, 0x52, 0x20, 0x42, 0x4F, 0x43, 0x45, 0x54, 0x4F, 0x53,
    0x2C, 0x00, 0x56, 0x4F, 0x49, 0x52, 0x20, 0x43, 0x52, 0x4F, 0x51, 0x55, 0x49, 0x53, 0x2C, 0x00,
    0x56, 0x45, 0x44, 0x49, 0x20, 0x53, 0x43, 0x48, 0x49, 0x5A, 0x5A, 0x49, 0x2C, 0x00, 0x52, 0x45,
    0x4E, 0x44, 0x45, 0x52, 0x53, 0x00, 0x56, 0x45, 0x52, 0x53, 0x49, 0x4F, 0x4E, 0x45, 0x53, 0x00,
    0x5A, 0x45, 0x49, 0x43, 0x48, 0x4E, 0x55, 0x4E, 0x47, 0x45, 0x4E, 0x2C, 0x00, 0x52, 0x45, 0x4E,
    0x44, 0x55, 0x53, 0x00, 0x50, 0x52, 0x4F, 0x53, 0x50, 0x45, 0x54, 0x54, 0x49, 0x56, 0x45, 0x00,
    0x41, 0x4E, 0x44, 0x20, 0x56, 0x49, 0x44, 0x45, 0x4F, 0x53, 0x00, 0x45, 0x54, 0x20, 0x56, 0x49,
    0x44, 0xC9, 0x4F, 0x53, 0x00, 0x56, 0x49, 0x45, 0x57, 0x20, 0x54, 0x45, 0x41, 0x4D, 0x00, 0x56,
    0x45, 0x52, 0x20, 0x46, 0x4F, 0x54, 0x4F, 0x53, 0x00, 0x56, 0x4F, 0x49, 0x52, 0x20, 0x50, 0x48,
    0x4F, 0x54, 0x4F, 0x53, 0x00, 0x56, 0x45, 0x44, 0x49, 0x20, 0x46, 0x4F, 0x54, 0x4F, 0x00, 0x50,
    0x48, 0x4F, 0x54, 0x4F, 0x53, 0x20, 0x41, 0x4E, 0x44, 0x00, 0x44, 0x45, 0x4C, 0x20, 0x45, 0x51,
    0x55, 0x49, 0x50, 0x4F, 0x20, 0x59, 0x00, 0x54, 0x45, 0x41, 0x4D, 0x2D, 0x46, 0x4F, 0x54, 0x4F,
    0x53, 0x00, 0x44, 0x45, 0x20, 0x4C, 0x27, 0xC9, 0x51, 0x55, 0x49, 0x50, 0x45, 0x20, 0x45, 0x54,
    0x00, 0x44, 0x45, 0x49, 0x20, 0x47, 0x52, 0x55, 0x50, 0x50, 0x49, 0x20, 0x45, 0x00, 0x4F, 0x54,
    0x48, 0x45, 0x52, 0x20, 0x49, 0x54, 0x45, 0x4D, 0x53, 0x00, 0x4F, 0x54, 0x52, 0x4F, 0x53, 0x20,
    0x4F, 0x42, 0x4A, 0x45, 0x54, 0x4F, 0x53, 0x00, 0x55, 0x4E, 0x44, 0x20, 0x41, 0x4E, 0x44, 0x45,
    0x52, 0x45, 0x00, 0x41, 0x55, 0x54, 0x52, 0x45, 0x53, 0x20, 0x4F, 0x42, 0x4A, 0x45, 0x54, 0x53,
    0x00, 0x41, 0x4C, 0x54, 0x52, 0x49, 0x20, 0x4F, 0x47, 0x47, 0x45, 0x54, 0x54, 0x49, 0x00, 0x56,
    0x49, 0x45, 0x57, 0x20, 0x56, 0x49, 0x44, 0x45, 0x4F, 0x3A, 0x00, 0x56, 0x45, 0x52, 0x20, 0x56,
    0xCD, 0x44, 0x45, 0x4F, 0x3A, 0x00, 0x56, 0x49, 0x44, 0x45, 0x4F, 0x3A, 0x00, 0x56, 0x4F, 0x49,
    0x52, 0x20, 0x56, 0x49, 0x44, 0xC9, 0x4F, 0x3A, 0x00, 0x56, 0x45, 0x44, 0x49, 0x20, 0x49, 0x4C,
    0x20, 0x56, 0x49, 0x44, 0x45, 0x4F, 0x3A, 0x00, 0x54, 0x48, 0x45, 0x20, 0x4D, 0x41, 0x4B, 0x49,
    0x4E, 0x47, 0x20, 0x4F, 0x46, 0x00, 0x43, 0xD3, 0x4D, 0x4F, 0x20, 0x53, 0x45, 0x20, 0x48, 0x49,
    0x5A, 0x4F, 0x00, 0x4C, 0x41, 0x20, 0x52, 0xC9, 0x41, 0x4C, 0x49, 0x53, 0x41, 0x54, 0x49, 0x4F,
    0x4E, 0x20, 0x44, 0x45, 0x00, 0x4C, 0x41, 0x20, 0x52, 0x45, 0x41, 0x4C, 0x49, 0x5A, 0x5A, 0x41,
    0x5A, 0x49, 0x4F, 0x4E, 0x45, 0x20, 0x44, 0x49, 0x00, 0x4D, 0x4F, 0x52, 0x54, 0x41, 0x4C, 0x20,
    0x4B, 0x4F, 0x4D, 0x42, 0x41, 0x54, 0x00, 0x54, 0x48, 0x45, 0x20, 0x48, 0x49, 0x53, 0x54, 0x4F,
    0x52, 0x59, 0x20, 0x4F, 0x46, 0x00, 0x4C, 0x41, 0x20, 0x48, 0x49, 0x53, 0x54, 0x4F, 0x52, 0x49,
    0x41, 0x20, 0x44, 0x45, 0x00, 0x4C, 0x27, 0x48, 0x49, 0x53, 0x54, 0x4F, 0x49, 0x52, 0x45, 0x20,
    0x44, 0x45, 0x00, 0x4C, 0x41, 0x20, 0x53, 0x54, 0x4F, 0x52, 0x49, 0x41, 0x20, 0x44, 0x49, 0x00,
    0x27, 0x49, 0x4D, 0x4D, 0x4F, 0x52, 0x54, 0x41, 0x4C, 0x27, 0x00, 0x42, 0x59, 0x20, 0x41, 0x44,
    0x45, 0x4D, 0x41, 0x00, 0x44, 0x45, 0x20, 0x41, 0x44, 0x45, 0x4D, 0x41, 0x00, 0x56, 0x4F, 0x4E,
    0x20, 0x41, 0x44, 0x45, 0x4D, 0x41, 0x00, 0x50, 0x41, 0x52, 0x20, 0x41, 0x44, 0x45, 0x4D, 0x41,
    0x00, 0x44, 0x49, 0x20, 0x41, 0x44, 0x45, 0x4D, 0x41, 0x00, 0x57, 0x41, 0x47, 0x45, 0x52, 0x53,
    0x20, 0x57, 0x49, 0x4C, 0x4C, 0x00, 0xA1, 0x4C, 0x41, 0x53, 0x20, 0x41, 0x50, 0x55, 0x45, 0x53,
    0x54, 0x41, 0x53, 0x00, 0x57, 0x45, 0x54, 0x54, 0x45, 0x49, 0x4E, 0x53, 0xC4, 0x54, 0x5A, 0x45,
    0x00, 0x4C, 0x45, 0x53, 0x20, 0x50, 0x41, 0x52, 0x49, 0x53, 0x00, 0x50, 0x45, 0x52, 0x44, 0x45,
    0x52, 0x41, 0x49, 0x20, 0x4C, 0x45, 0x00, 0x42, 0x45, 0x20, 0x4C, 0x4F, 0x53, 0x54, 0x20, 0x21,
    0x00, 0x53, 0x45, 0x20, 0x50, 0x45, 0x52, 0x44, 0x45, 0x52, 0xC1, 0x4E, 0x21, 0x00, 0x47, 0x45,
    0x48, 0x45, 0x4E, 0x20, 0x56, 0x45, 0x52, 0x4C, 0x4F, 0x52, 0x45, 0x4E, 0x21, 0x00, 0x53, 0x45,
    0x52, 0x4F, 0x4E, 0x54, 0x20, 0x50, 0x45, 0x52, 0x44, 0x55, 0x53, 0x21, 0x00, 0x53, 0x43, 0x4F,
    0x4D, 0x4D, 0x45, 0x53, 0x53, 0x45, 0x21, 0x00, 0x42, 0x45, 0x20, 0x4C, 0x4F, 0x53, 0x54, 0x00,
    0x47, 0x41, 0x4D, 0x45, 0x20, 0x4D, 0x55, 0x53, 0x49, 0x43, 0x00, 0x4D, 0xDA, 0x53, 0x49, 0x43,
    0x41, 0x00, 0x53, 0x50, 0x49, 0x45, 0x4C, 0x4D, 0x55, 0x53, 0x49, 0x4B, 0x00, 0x4D, 0x55, 0x53,
    0x49, 0x51, 0x55, 0x45, 0x20, 0x44, 0x55, 0x20, 0x4A, 0x45, 0x55, 0x00, 0x4D, 0x55, 0x53, 0x49,
    0x43, 0x41, 0x20, 0x44, 0x45, 0x4C, 0x20, 0x47, 0x49, 0x4F, 0x43, 0x4F, 0x00, 0x45, 0x4E, 0x56,
    0x49, 0x52, 0x4F, 0x4D, 0x45, 0x4E, 0x54, 0x00, 0x41, 0x4D, 0x42, 0x49, 0x45, 0x4E, 0x54, 0x45,
    0x00, 0x55, 0x4D, 0x47, 0x45, 0x42, 0x55, 0x4E, 0x47, 0x00, 0x45, 0x4E, 0x56, 0x49, 0x52, 0x4F,
    0x4E, 0x4E, 0x45, 0x4D, 0x45, 0x4E, 0x54, 0x00, 0x41, 0x4E, 0x4E, 0x4F, 0x55, 0x4E, 0x43, 0x45,
    0x52, 0x00, 0x4C, 0x4F, 0x43, 0x55, 0x54, 0x4F, 0x52, 0x00, 0x41, 0x4E, 0x53, 0x41, 0x47, 0x45,
    0x52, 0x00, 0x50, 0x52, 0xC9, 0x53, 0x45, 0x4E, 0x54, 0x41, 0x54, 0x45, 0x55, 0x52, 0x00, 0x56,
    0x4F, 0x43, 0x45, 0x20, 0x47, 0x55, 0x49, 0x44, 0x41, 0x00, 0x45, 0x46, 0x46, 0x45, 0x43, 0x54,
    0x53, 0x00, 0x45, 0x46, 0x45, 0x43, 0x54, 0x4F, 0x53, 0x00, 0x45, 0x46, 0x46, 0x45, 0x4B, 0x54,
    0x45, 0x00, 0x45, 0x46, 0x46, 0x45, 0x54, 0x53, 0x00, 0x45, 0x46, 0x46, 0x45, 0x54, 0x54, 0x49,
    0x00, 0x46, 0x49, 0x47, 0x48, 0x54, 0x45, 0x52, 0x20, 0x53, 0x50, 0x45, 0x45, 0x43, 0x48, 0x00,
    0x44, 0x49, 0xC1, 0x4C, 0x4F, 0x47, 0x4F, 0x20, 0x44, 0x45, 0x4C, 0x20, 0x4C, 0x55, 0x43, 0x48,
    0x41, 0x44, 0x4F, 0x52, 0x00, 0x4B, 0xC4, 0x4D, 0x50, 0x46, 0x45, 0x52, 0x53, 0x50, 0x52, 0x41,
    0x43, 0x48, 0x45, 0x00, 0x44, 0x49, 0x53, 0x43, 0x4F, 0x55, 0x52, 0x53, 0x20, 0x44, 0x55, 0x20,
    0x43, 0x4F, 0x4D, 0x42, 0x41, 0x54, 0x54, 0x41, 0x4E, 0x54, 0x00, 0x56, 0x4F, 0x43, 0x45, 0x20,
    0x4B, 0x4F, 0x4D, 0x42, 0x41, 0x54, 0x54, 0x45, 0x4E, 0x54, 0x49, 0x00, 0x53, 0x4F, 0x55, 0x4E,
    0x44, 0x20, 0x4F, 0x50, 0x54, 0x49, 0x4F, 0x4E, 0x53, 0x00, 0x4F, 0x50, 0x43, 0x49, 0x4F, 0x4E,
    0x45, 0x53, 0x20, 0x44, 0x45, 0x20, 0x53, 0x4F, 0x4E, 0x49, 0x44, 0x4F, 0x00, 0x53, 0x4F, 0x55,
    0x4E, 0x44, 0x2D, 0x4F, 0x50, 0x54, 0x49, 0x4F, 0x4E, 0x45, 0x4E, 0x00, 0x4F, 0x50, 0x54, 0x49,
    0x4F, 0x4E, 0x53, 0x20, 0x44, 0x55, 0x20, 0x53, 0x4F, 0x4E, 0x00, 0x4F, 0x50, 0x5A, 0x49, 0x4F,
    0x4E, 0x49, 0x20, 0x53, 0x55, 0x4F, 0x4E, 0x4F, 0x00, 0x35, 0x30, 0x20, 0x48, 0x5A, 0x2E, 0x20,
    0x44, 0x49, 0x53, 0x50, 0x4C, 0x41, 0x59, 0x2E, 0x00, 0x50, 0x41, 0x4E, 0x54, 0x41, 0x4C, 0x4C,
    0x41, 0x20, 0x44, 0x45, 0x20, 0x35, 0x30, 0x20, 0x48, 0x5A, 0x2E, 0x00, 0x35, 0x30, 0x20, 0x48,
    0x5A, 0x2D, 0x41, 0x4E, 0x5A, 0x45, 0x49, 0x47, 0x45, 0x2E, 0x00, 0x41, 0x46, 0x46, 0x49, 0x43,
    0x48, 0x41, 0x47, 0x45, 0x20, 0x44, 0x45, 0x20, 0x35, 0x30, 0x20, 0x48, 0x5A, 0x2E, 0x00, 0x44,
    0x49, 0x53, 0x50, 0x4C, 0x41, 0x59, 0x20, 0x41, 0x20, 0x35, 0x30, 0x20, 0x48, 0x5A, 0x2E, 0x00,
    0x36, 0x30, 0x20, 0x48, 0x5A, 0x2E, 0x20, 0x44, 0x49, 0x53, 0x50, 0x4C, 0x41, 0x59, 0x2E, 0x00,
    0x50, 0x41, 0x4E, 0x54, 0x41, 0x4C, 0x4C, 0x41, 0x20, 0x44, 0x45, 0x20, 0x36, 0x30, 0x20, 0x48,
    0x5A, 0x2E, 0x00, 0x36, 0x30, 0x20, 0x48, 0x5A, 0x2D, 0x41, 0x4E, 0x5A, 0x45, 0x49, 0x47, 0x45,
    0x2E, 0x00, 0x41, 0x46, 0x46, 0x49, 0x43, 0x48, 0x41, 0x47, 0x45, 0x20, 0x44, 0x45, 0x20, 0x36,
    0x30, 0x20, 0x48, 0x5A, 0x2E, 0x00, 0x44, 0x49, 0x53, 0x50, 0x4C, 0x41, 0x59, 0x20, 0x41, 0x20,
    0x36, 0x30, 0x20, 0x48, 0x5A, 0x2E, 0x00, 0x54, 0x45, 0x53, 0x54, 0x00, 0x43, 0x4F, 0x4D, 0x50,
    0x52, 0x55, 0x45, 0x42, 0x41, 0x00, 0x50, 0x52, 0xDC, 0x46, 0x45, 0x4E, 0x00, 0x56, 0xC9, 0x52,
    0x49, 0x46, 0x49, 0x45, 0x5A, 0x00, 0x43, 0x41, 0x4E, 0x20, 0x42, 0x45, 0x20, 0x44, 0x49, 0x53,
    0x50, 0x4C, 0x41, 0x59, 0x45, 0x44, 0x20, 0x4F, 0x4E, 0x20, 0x41, 0x4C, 0x4C, 0x20, 0x50, 0x41,
    0x4C, 0x20, 0x54, 0x45, 0x4C, 0x45, 0x56, 0x49, 0x53, 0x49, 0x4F, 0x4E, 0x53, 0x2E, 0x00, 0x50,
    0x55, 0x45, 0x44, 0x45, 0x20, 0x41, 0x50, 0x41, 0x52, 0x45, 0x43, 0x45, 0x52, 0x20, 0x45, 0x4E,
    0x20, 0x54, 0x4F, 0x44, 0x41, 0x53, 0x20, 0x4C, 0x41, 0x53, 0x20, 0x54, 0x45, 0x4C, 0x45, 0x56,
    0x49, 0x53, 0x49, 0x4F, 0x4E, 0x45, 0x53, 0x20, 0x50, 0x41, 0x4C, 0x2E, 0x00, 0x4B, 0x41, 0x4E,
    0x4E, 0x20, 0x41, 0x55, 0x46, 0x20, 0x41, 0x4C, 0x4C, 0x45, 0x4E, 0x20, 0x50, 0x41, 0x4C, 0x2D,
    0x46, 0x45, 0x52, 0x4E, 0x53, 0x45, 0x48, 0x45, 0x52, 0x4E, 0x20, 0x41, 0x4E, 0x47, 0x45, 0x5A,
    0x45, 0x49, 0x47, 0x54, 0x20, 0x57, 0x45, 0x52, 0x44, 0x45, 0x4E, 0x2E, 0x00, 0x50, 0x45, 0x55,
    0x54, 0x20, 0x41, 0x50, 0x50, 0x41, 0x52, 0x41, 0xCE, 0x54, 0x52, 0x45, 0x20, 0x53, 0x55, 0x52,
    0x20, 0x54, 0x4F, 0x55, 0x53, 0x20, 0x4C, 0x45, 0x53, 0x20, 0x54, 0xC9, 0x4C, 0xC9, 0x56, 0x49,
    0x53, 0x45, 0x55, 0x52, 0x53, 0x20, 0x50, 0x41, 0x4C, 0x2E, 0x00, 0x50, 0x55, 0xD2, 0x20, 0x45,
    0x53, 0x53, 0x45, 0x52, 0x45, 0x20, 0x56, 0x49, 0x53, 0x55, 0x41, 0x4C, 0x49, 0x5A, 0x5A, 0x41,
    0x54, 0x4F, 0x20, 0x53, 0x55, 0x20, 0x54, 0x55, 0x54, 0x54, 0x49, 0x20, 0x49, 0x20, 0x53, 0x49,
    0x53, 0x54, 0x45, 0x4D, 0x49, 0x20, 0x50, 0x41, 0x4C, 0x2E, 0x00, 0x52, 0x45, 0x51, 0x55, 0x49,
    0x52, 0x45, 0x53, 0x20, 0x41, 0x20, 0x54, 0x45, 0x4C, 0x45, 0x56, 0x49, 0x53, 0x49, 0x4F, 0x4E,
    0x20, 0x54, 0x48, 0x41, 0x54, 0x20, 0x53, 0x55, 0x50, 0x50, 0x4F, 0x52, 0x54, 0x53, 0x20, 0x4E,
    0x54, 0x53, 0x43, 0x20, 0x53, 0x49, 0x47, 0x4E, 0x41, 0x4C, 0x2E, 0x00, 0x52, 0x45, 0x51, 0x55,
    0x49, 0x45, 0x52, 0x45, 0x20, 0x55, 0x4E, 0x41, 0x20, 0x54, 0x45, 0x4C, 0x45, 0x56, 0x49, 0x53,
    0x49, 0xD3, 0x4E, 0x20, 0x51, 0x55, 0x45, 0x20, 0x53, 0x4F, 0x50, 0x4F, 0x52, 0x54, 0x41, 0x20,
    0x4C, 0x41, 0x20, 0x53, 0x45, 0xD1, 0x41, 0x4C, 0x20, 0x4E, 0x54, 0x53, 0x43, 0x2E, 0x00, 0x45,
    0x53, 0x20, 0x57, 0x49, 0x52, 0x44, 0x20, 0x45, 0x49, 0x4E, 0x20, 0x46, 0x45, 0x52, 0x4E, 0x53,
    0x45, 0x48, 0x45, 0x52, 0x20, 0x42, 0x45, 0x4E, 0xD6, 0x54, 0x49, 0x47, 0x54, 0x2C, 0x20, 0x44,
    0x45, 0x52, 0x20, 0x4E, 0x54, 0x53, 0x43, 0x2D, 0x53, 0x49, 0x47, 0x4E, 0x41, 0x4C, 0x45, 0x00,
    0x4E, 0xC9, 0x43, 0x45, 0x53, 0x53, 0x49, 0x54, 0x45, 0x20, 0x55, 0x4E, 0x20, 0x54, 0xC9, 0x4C,
    0xC9, 0x56, 0x49, 0x53, 0x45, 0x55, 0x52, 0x20, 0x51, 0x55, 0x49, 0x20, 0x41, 0x43, 0x43, 0x45,
    0x50, 0x54, 0x45, 0x20, 0x4C, 0x45, 0x20, 0x53, 0x49, 0x47, 0x4E, 0x41, 0x4C, 0x20, 0x4E, 0x54,
    0x53, 0x43, 0x2E, 0x00, 0xC8, 0x20, 0x4E, 0x45, 0x43, 0x45, 0x53, 0x53, 0x41, 0x52, 0x49, 0x4F,
    0x20, 0x55, 0x4E, 0x20, 0x54, 0x45, 0x4C, 0x45, 0x56, 0x49, 0x53, 0x4F, 0x52, 0x45, 0x20, 0x43,
    0x48, 0x45, 0x20, 0x53, 0x55, 0x50, 0x50, 0x4F, 0x52, 0x54, 0x49, 0x20, 0x49, 0x4C, 0x20, 0x53,
    0x45, 0x47, 0x4E, 0x41, 0x4C, 0x45, 0x00, 0x54, 0x45, 0x53, 0x54, 0x53, 0x20, 0x57, 0x48, 0x45,
    0x54, 0x48, 0x45, 0x52, 0x20, 0x59, 0x4F, 0x55, 0x52, 0x20, 0x54, 0x45, 0x4C, 0x45, 0x56, 0x49,
    0x53, 0x49, 0x4F, 0x4E, 0x20, 0x53, 0x55, 0x50, 0x50, 0x4F, 0x52, 0x54, 0x53, 0x20, 0x36, 0x30,
    0x20, 0x48, 0x5A, 0x2E, 0x20, 0x4D, 0x4F, 0x44, 0x45, 0x2E, 0x00, 0x43, 0x4F, 0x4D, 0x50, 0x52,
    0x55, 0x45, 0x42, 0x41, 0x20, 0x53, 0x49, 0x20, 0x54, 0x55, 0x20, 0x54, 0x45, 0x4C, 0x45, 0x56,
    0x49, 0x53, 0x49, 0xD3, 0x4E, 0x20, 0x53, 0x4F, 0x50, 0x4F, 0x52, 0x54, 0x41, 0x20, 0x45, 0x4C,
    0x20, 0x4D, 0x4F, 0x44, 0x4F, 0x20, 0x36, 0x30, 0x20, 0x48, 0x5A, 0x2E, 0x00, 0x50, 0x52, 0xDC,
    0x46, 0x45, 0x4E, 0x20, 0x53, 0x49, 0x45, 0x2C, 0x20, 0x4F, 0x42, 0x20, 0x49, 0x48, 0x52, 0x20,
    0x46, 0x45, 0x52, 0x4E, 0x53, 0x45, 0x48, 0x45, 0x52, 0x20, 0x44, 0x45, 0x4E, 0x20, 0x36, 0x30,
    0x20, 0x48, 0x5A, 0x2D, 0x4D, 0x4F, 0x44, 0x55, 0x53, 0x00, 0x56, 0xC9, 0x52, 0x49, 0x46, 0x49,
    0x45, 0x5A, 0x20, 0x51, 0x55, 0x45, 0x20, 0x56, 0x4F, 0x54, 0x52, 0x45, 0x20, 0x54, 0xC9, 0x4C,
    0xC9, 0x56, 0x49, 0x53, 0x45, 0x55, 0x52, 0x20, 0x41, 0x43, 0x43, 0x45, 0x50, 0x54, 0x45, 0x20,
    0x4C, 0x45, 0x20, 0x4D, 0x4F, 0x44, 0x45, 0x20, 0x36, 0x30, 0x20, 0x48, 0x5A, 0x2E, 0x00, 0x4E,
    0x54, 0x53, 0x43, 0x2E, 0x20, 0x54, 0x45, 0x53, 0x54, 0x20, 0x50, 0x45, 0x52, 0x20, 0x56, 0x45,
    0x52, 0x49, 0x46, 0x49, 0x43, 0x41, 0x52, 0x45, 0x20, 0x53, 0x45, 0x20, 0x49, 0x4C, 0x20, 0x54,
    0x55, 0x4F, 0x20, 0x54, 0x45, 0x4C, 0x45, 0x56, 0x49, 0x53, 0x4F, 0x52, 0x45, 0x00, 0x41, 0x20,
    0x50, 0x49, 0x43, 0x54, 0x55, 0x52, 0x45, 0x20, 0x57, 0x49, 0x4C, 0x4C, 0x20, 0x42, 0x45, 0x20,
    0x44, 0x49, 0x53, 0x50, 0x4C, 0x41, 0x59, 0x45, 0x44, 0x20, 0x46, 0x4F, 0x52, 0x20, 0x35, 0x20,
    0x53, 0x45, 0x43, 0x4F, 0x4E, 0x44, 0x53, 0x2E, 0x20, 0x49, 0x46, 0x20, 0x54, 0x48, 0x45, 0x00,
    0x41, 0x50, 0x41, 0x52, 0x45, 0x43, 0x45, 0x52, 0xC1, 0x20, 0x55, 0x4E, 0x41, 0x20, 0x49, 0x4D,
    0x41, 0x47, 0x45, 0x4E, 0x20, 0x44, 0x55, 0x52, 0x41, 0x4E, 0x54, 0x45, 0x20, 0x35, 0x20, 0x53,
    0x45, 0x47, 0x55, 0x4E, 0x44, 0x4F, 0x53, 0x2E, 0x20, 0x53, 0x49, 0x20, 0x4C, 0x41, 0x00, 0x55,
    0x4E, 0x54, 0x45, 0x52, 0x53, 0x54, 0xDC, 0x54, 0x5A, 0x54, 0x2E, 0x20, 0x45, 0x49, 0x4E, 0x20,
    0x42, 0x49, 0x4C, 0x44, 0x20, 0x57, 0x49, 0x52, 0x44, 0x20, 0x35, 0x20, 0x53, 0x45, 0x4B, 0x55,
    0x4E, 0x44, 0x45, 0x4E, 0x20, 0x4C, 0x41, 0x4E, 0x47, 0x20, 0x41, 0x4E, 0x47, 0x45, 0x5A, 0x45,
    0x49, 0x47, 0x54, 0x2E, 0x00, 0x55, 0x4E, 0x45, 0x20, 0x49, 0x4D, 0x41, 0x47, 0x45, 0x20, 0x53,
    0x27, 0x41, 0x46, 0x46, 0x49, 0x43, 0x48, 0x45, 0x20, 0x50, 0x45, 0x4E, 0x44, 0x41, 0x4E, 0x54,
    0x20, 0x35, 0x20, 0x53, 0x45, 0x43, 0x4F, 0x4E, 0x44, 0x45, 0x53, 0x2E, 0x20, 0x53, 0x49, 0x20,
    0x4C, 0x27, 0x49, 0x4D, 0x41, 0x47, 0x45, 0x00, 0x53, 0x55, 0x50, 0x50, 0x4F, 0x52, 0x54, 0x41,
    0x20, 0x4C, 0x41, 0x20, 0x4D, 0x4F, 0x44, 0x41, 0x4C, 0x49, 0x54, 0xC0, 0x20, 0x41, 0x20, 0x36,
    0x30, 0x20, 0x48, 0x5A, 0x2E, 0x20, 0x56, 0x45, 0x52, 0x52, 0xC0, 0x20, 0x56, 0x49, 0x53, 0x55,
    0x41, 0x4C, 0x49, 0x5A, 0x5A, 0x41, 0x54, 0x41, 0x00, 0x41, 0x20, 0x50, 0x49, 0x43, 0x54, 0x55,
    0x52, 0x45, 0x20, 0x57, 0x49, 0x4C, 0x4C, 0x20, 0x42, 0x45, 0x20, 0x44, 0x49, 0x53, 0x50, 0x4C,
    0x41, 0x54, 0x45, 0x44, 0x20, 0x46, 0x4F, 0x52, 0x20, 0x35, 0x20, 0x53, 0x45, 0x43, 0x4F, 0x4E,
    0x44, 0x53, 0x2E, 0x20, 0x49, 0x46, 0x20, 0x54, 0x48, 0x45, 0x00, 0x50, 0x49, 0x43, 0x54, 0x55,
    0x52, 0x45, 0x20, 0x49, 0x53, 0x20, 0x55, 0x4E, 0x53, 0x54, 0x41, 0x42, 0x4C, 0x45, 0x20, 0x4F,
    0x52, 0x20, 0x46, 0x4C, 0x49, 0x43, 0x4B, 0x45, 0x52, 0x53, 0x20, 0x59, 0x4F, 0x55, 0x52, 0x20,
    0x54, 0x56, 0x20, 0x49, 0x53, 0x20, 0x4E, 0x4F, 0x54, 0x20, 0x36, 0x30, 0x48, 0x5A, 0x2E, 0x00,
    0x49, 0x4D, 0x41, 0x47, 0x45, 0x4E, 0x20, 0x45, 0x53, 0x20, 0x49, 0x4E, 0x45, 0x53, 0x54, 0x41,
    0x42, 0x4C, 0x45, 0x20, 0x4F, 0x20, 0x50, 0x41, 0x52, 0x50, 0x41, 0x44, 0x45, 0x41, 0x2C, 0x20,
    0x54, 0x55, 0x20, 0x54, 0x45, 0x4C, 0x45, 0x56, 0x49, 0x53, 0x49, 0xD3, 0x4E, 0x20, 0x4E, 0x4F,
    0x00, 0x46, 0x4C, 0x49, 0x4D, 0x4D, 0x45, 0x52, 0x54, 0x20, 0x44, 0x41, 0x53, 0x20, 0x42, 0x49,
    0x4C, 0x44, 0x2C, 0x20, 0x49, 0x53, 0x54, 0x20, 0x49, 0x48, 0x52, 0x20, 0x46, 0x45, 0x52, 0x4E,
    0x53, 0x45, 0x48, 0x45, 0x52, 0x20, 0x4E, 0x49, 0x43, 0x48, 0x54, 0x20, 0x4D, 0x49, 0x54, 0x20,
    0x44, 0x45, 0x4D, 0x00, 0x45, 0x53, 0x54, 0x20, 0x42, 0x52, 0x4F, 0x55, 0x49, 0x4C, 0x4C, 0xC9,
    0x45, 0x20, 0x4F, 0x55, 0x20, 0x43, 0x4C, 0x49, 0x47, 0x4E, 0x4F, 0x54, 0x45, 0x2C, 0x20, 0x56,
    0x4F, 0x54, 0x52, 0x45, 0x20, 0x54, 0xC9, 0x4C, 0xC9, 0x56, 0x49, 0x53, 0x45, 0x55, 0x52, 0x20,
    0x45, 0x53, 0x54, 0x00, 0x55, 0x4E, 0x27, 0x49, 0x4D, 0x4D, 0x41, 0x47, 0x49, 0x4E, 0x45, 0x20,
    0x50, 0x45, 0x52, 0x20, 0x35, 0x20, 0x53, 0x45, 0x43, 0x4F, 0x4E, 0x44, 0x49, 0x2E, 0x20, 0x53,
    0x45, 0x20, 0x4C, 0x27, 0x49, 0x4D, 0x4D, 0x41, 0x47, 0x49, 0x4E, 0x45, 0x20, 0xC8, 0x20, 0x49,
    0x4E, 0x53, 0x54, 0x41, 0x42, 0x49, 0x4C, 0x45, 0x00, 0x4D, 0x4F, 0x44, 0x45, 0x20, 0x43, 0x4F,
    0x4D, 0x50, 0x41, 0x54, 0x49, 0x42, 0x4C, 0x45, 0x2E, 0x20, 0x49, 0x46, 0x20, 0x54, 0x48, 0x45,
    0x20, 0x50, 0x49, 0x43, 0x54, 0x55, 0x52, 0x45, 0x20, 0x41, 0x50, 0x50, 0x45, 0x41, 0x52, 0x53,
    0x20, 0x43, 0x4F, 0x52, 0x52, 0x45, 0x43, 0x54, 0x4C, 0x59, 0x2C, 0x00, 0x45, 0x53, 0x20, 0x43,
    0x4F, 0x4D, 0x50, 0x41, 0x54, 0x49, 0x42, 0x4C, 0x45, 0x20, 0x43, 0x4F, 0x4E, 0x20, 0x45, 0x4C,
    0x20, 0x4D, 0x4F, 0x44, 0x4F, 0x20, 0x36, 0x30, 0x48, 0x5A, 0x2E, 0x20, 0x53, 0x49, 0x20, 0x4C,
    0x41, 0x20, 0x49, 0x4D, 0x41, 0x47, 0x45, 0x4E, 0x20, 0x41, 0x50, 0x41, 0x52, 0x45, 0x43, 0x45,
    0x00, 0x36, 0x30, 0x20, 0x48, 0x5A, 0x2D, 0x4D, 0x4F, 0x44, 0x55, 0x53, 0x20, 0x4B, 0x4F, 0x4D,
    0x50, 0x41, 0x54, 0x49, 0x42, 0x45, 0x4C, 0x2E, 0x20, 0x49, 0x53, 0x54, 0x20, 0x44, 0x41, 0x53,
    0x20, 0x42, 0x49, 0x4C, 0x44, 0x20, 0x4F, 0x4B, 0x2C, 0x20, 0x45, 0x52, 0x53, 0x43, 0x48, 0x45,
    0x49, 0x4E, 0x54, 0x00, 0x49, 0x4E, 0x43, 0x4F, 0x4D, 0x50, 0x41, 0x54, 0x49, 0x42, 0x4C, 0x45,
    0x20, 0x41, 0x56, 0x45, 0x43, 0x20, 0x4C, 0x45, 0x20, 0x4D, 0x4F, 0x44, 0x45, 0x20, 0x36, 0x30,
    0x48, 0x5A, 0x2E, 0x20, 0x53, 0x49, 0x20, 0x4C, 0x27, 0x49, 0x4D, 0x41, 0x47, 0x45, 0x20, 0x53,
    0x27, 0x41, 0x46, 0x46, 0x49, 0x43, 0x48, 0x45, 0x00, 0x4F, 0x20, 0x53, 0x45, 0x20, 0x4E, 0x4F,
    0x54, 0x49, 0x20, 0x55, 0x4E, 0x4F, 0x20, 0x53, 0x46, 0x41, 0x52, 0x46, 0x41, 0x4C, 0x4C, 0x49,
    0x4F, 0x2C, 0x20, 0x4C, 0x41, 0x20, 0x54, 0x55, 0x41, 0x20, 0x54, 0x56, 0x20, 0x4E, 0x4F, 0x4E,
    0x20, 0xC8, 0x20, 0x43, 0x4F, 0x4D, 0x50, 0x41, 0x54, 0x49, 0x42, 0x49, 0x4C, 0x45, 0x00, 0x42,
    0x55, 0x54, 0x20, 0x42, 0x4C, 0x41, 0x43, 0x4B, 0x20, 0x41, 0x4E, 0x44, 0x20, 0x57, 0x48, 0x49,
    0x54, 0x45, 0x2C, 0x20, 0x59, 0x4F, 0x55, 0x52, 0x20, 0x54, 0x56, 0x20, 0x44, 0x4F, 0x45, 0x53,
    0x20, 0x4E, 0x4F, 0x54, 0x20, 0x41, 0x43, 0x43, 0x45, 0x50, 0x54, 0x20, 0x4E, 0x54, 0x53, 0x43,
    0x00, 0x43, 0x4F, 0x52, 0x52, 0x45, 0x43, 0x54, 0x41, 0x4D, 0x45, 0x4E, 0x54, 0x45, 0x2C, 0x20,
    0x50, 0x45, 0x52, 0x4F, 0x20, 0x45, 0x4E, 0x20, 0x42, 0x4C, 0x41, 0x4E, 0x43, 0x4F, 0x20, 0x59,
    0x20, 0x4E, 0x45, 0x47, 0x52, 0x4F, 0x2C, 0x20, 0x54, 0x55, 0x20, 0x54, 0x45, 0x4C, 0x45, 0x56,
    0x49, 0x53, 0x49, 0xD3, 0x4E, 0x00, 0x41, 0x42, 0x45, 0x52, 0x20, 0x4E, 0x55, 0x52, 0x20, 0x49,
    0x4E, 0x20, 0x53, 0x43, 0x48, 0x57, 0x41, 0x52, 0x5A, 0x20, 0x55, 0x4E, 0x44, 0x20, 0x57, 0x45,
    0x49, 0xDF, 0x2C, 0x20, 0x41, 0x4B, 0x5A, 0x45, 0x50, 0x54, 0x49, 0x45, 0x52, 0x54, 0x20, 0x49,
    0x48, 0x52, 0x00, 0x43, 0x4F, 0x52, 0x52, 0x45, 0x43, 0x54, 0x45, 0x4D, 0x45, 0x4E, 0x54, 0x2C,
    0x20, 0x4D, 0x41, 0x49, 0x53, 0x20, 0x45, 0x4E, 0x20, 0x4E, 0x4F, 0x49, 0x52, 0x20, 0x45, 0x54,
    0x20, 0x42, 0x4C, 0x41, 0x4E, 0x43, 0x2C, 0x20, 0x56, 0x4F, 0x54, 0x52, 0x45, 0x00, 0x43, 0x4F,
    0x4E, 0x20, 0x4C, 0x41, 0x20, 0x4D, 0x4F, 0x44, 0x41, 0x4C, 0x49, 0x54, 0xC0, 0x20, 0x41, 0x20,
    0x36, 0x30, 0x48, 0x5A, 0x2E, 0x20, 0x53, 0x45, 0x20, 0x4C, 0x27, 0x49, 0x4D, 0x4D, 0x41, 0x47,
    0x49, 0x4E, 0x45, 0x20, 0x41, 0x50, 0x50, 0x41, 0x52, 0x45, 0x00, 0x53, 0x49, 0x47, 0x4E, 0x41,
    0x4C, 0x2E, 0x20, 0x49, 0x46, 0x20, 0x54, 0x48, 0x45, 0x20, 0x50, 0x49, 0x43, 0x54, 0x55, 0x52,
    0x45, 0x20, 0x41, 0x50, 0x50, 0x45, 0x41, 0x52, 0x53, 0x20, 0x43, 0x4F, 0x52, 0x52, 0x45, 0x43,
    0x54, 0x4C, 0x59, 0x2C, 0x20, 0x59, 0x4F, 0x55, 0x20, 0x43, 0x41, 0x4E, 0x00, 0x4E, 0x4F, 0x20,
    0x53, 0x4F, 0x50, 0x4F, 0x52, 0x54, 0x41, 0x20, 0x4C, 0x41, 0x20, 0x53, 0x45, 0xD1, 0x41, 0x4C,
    0x20, 0x4E, 0x54, 0x53, 0x43, 0x2E, 0x20, 0x53, 0x49, 0x20, 0x4C, 0x41, 0x20, 0x49, 0x4D, 0x41,
    0x47, 0x45, 0x4E, 0x20, 0x53, 0x45, 0x20, 0x56, 0x45, 0x52, 0x00, 0x46, 0x45, 0x52, 0x4E, 0x53,
    0x45, 0x48, 0x45, 0x52, 0x20, 0x44, 0x41, 0x53, 0x20, 0x4E, 0x54, 0x53, 0x43, 0x2D, 0x53, 0x49,
    0x47, 0x4E, 0x41, 0x4C, 0x20, 0x4E, 0x49, 0x43, 0x48, 0x54, 0x2E, 0x20, 0x49, 0x53, 0x54, 0x20,
    0x44, 0x41, 0x53, 0x20, 0x42, 0x49, 0x4C, 0x44, 0x20, 0x4F, 0x4B, 0x2C, 0x00, 0x54, 0xC9, 0x4C,
    0xC9, 0x56, 0x49, 0x53, 0x45, 0x55, 0x52, 0x20, 0x4E, 0x27, 0x41, 0x43, 0x43, 0x45, 0x50, 0x54,
    0x45, 0x20, 0x50, 0x41, 0x53, 0x20, 0x4C, 0x45, 0x20, 0x53, 0x49, 0x47, 0x4E, 0x41, 0x4C, 0x20,
    0x4E, 0x54, 0x53, 0x43, 0x2E, 0x20, 0x53, 0x49, 0x20, 0x4C, 0x27, 0x49, 0x4D, 0x41, 0x47, 0x45,
    0x00, 0x43, 0x4F, 0x52, 0x52, 0x45, 0x54, 0x54, 0x41, 0x4D, 0x45, 0x4E, 0x54, 0x45, 0x20, 0x4D,
    0x41, 0x20, 0x49, 0x4E, 0x20, 0x42, 0x49, 0x41, 0x4E, 0x43, 0x4F, 0x20, 0x45, 0x20, 0x4E, 0x45,
    0x52, 0x4F, 0x2C, 0x20, 0x4C, 0x41, 0x20, 0x54, 0x55, 0x41, 0x20, 0x54, 0x56, 0x20, 0x4E, 0x4F,
    0x4E, 0x00, 0x50, 0x4C, 0x41, 0x59, 0x20, 0x55, 0x53, 0x49, 0x4E, 0x47, 0x20, 0x36, 0x30, 0x20,
    0x48, 0x5A, 0x2E, 0x20, 0x4D, 0x4F, 0x44, 0x45, 0x2E, 0x00, 0x43, 0x4F, 0x52, 0x52, 0x45, 0x43,
    0x54, 0x41, 0x4D, 0x45, 0x4E, 0x54, 0x45, 0x2C, 0x20, 0x50, 0x4F, 0x44, 0x52, 0xC1, 0x53, 0x20,
    0x4A, 0x55, 0x47, 0x41, 0x52, 0x20, 0x55, 0x53, 0x41, 0x4E, 0x44, 0x4F, 0x20, 0x45, 0x4C, 0x20,
    0x4D, 0x4F, 0x44, 0x4F, 0x20, 0x36, 0x30, 0x20, 0x48, 0x5A, 0x2E, 0x00, 0x4B, 0xD6, 0x4E, 0x4E,
    0x45, 0x4E, 0x20, 0x53, 0x49, 0x45, 0x20, 0x46, 0xDC, 0x52, 0x20, 0x44, 0x41, 0x53, 0x20, 0x53,
    0x50, 0x49, 0x45, 0x4C, 0x20, 0x44, 0x45, 0x4E, 0x20, 0x36, 0x30, 0x20, 0x48, 0x5A, 0x2D, 0x4D,
    0x4F, 0x44, 0x55, 0x53, 0x20, 0x56, 0x45, 0x52, 0x57, 0x45, 0x4E, 0x44, 0x45, 0x4E, 0x2E, 0x00,
    0x53, 0x27, 0x41, 0x46, 0x46, 0x49, 0x43, 0x48, 0x45, 0x20, 0x50, 0x41, 0x52, 0x46, 0x41, 0x49,
    0x54, 0x45, 0x4D, 0x45, 0x4E, 0x54, 0x2C, 0x56, 0x4F, 0x55, 0x53, 0x20, 0x50, 0x4F, 0x55, 0x56,
    0x45, 0x5A, 0x20, 0x4A, 0x4F, 0x55, 0x45, 0x52, 0x20, 0x45, 0x4E, 0x20, 0x4D, 0x4F, 0x44, 0x45,
    0x00, 0x41, 0x43, 0x43, 0x45, 0x54, 0x54, 0x41, 0x20, 0x49, 0x4C, 0x20, 0x53, 0x45, 0x47, 0x4E,
    0x41, 0x4C, 0x45, 0x20, 0x4E, 0x54, 0x53, 0x43, 0x2E, 0x20, 0x53, 0x45, 0x20, 0x4C, 0x27, 0x49,
    0x4D, 0x4D, 0x41, 0x47, 0x49, 0x4E, 0x45, 0x20, 0x56, 0x49, 0x45, 0x4E, 0x45, 0x00, 0x36, 0x30,
    0x20, 0x48, 0x5A, 0x2E, 0x20, 0x4D, 0x4F, 0x44, 0x45, 0x2E, 0x00, 0x36, 0x30, 0x20, 0x48, 0x5A,
    0x2E, 0x00, 0x56, 0x49, 0x53, 0x55, 0x41, 0x4C, 0x49, 0x5A, 0x5A, 0x41, 0x54, 0x41, 0x20, 0x43,
    0x4F, 0x52, 0x52, 0x45, 0x54, 0x54, 0x41, 0x4D, 0x45, 0x4E, 0x54, 0x45, 0x2C, 0x20, 0x50, 0x55,
    0x4F, 0x49, 0x20, 0x55, 0x54, 0x49, 0x4C, 0x49, 0x5A, 0x5A, 0x41, 0x52, 0x45, 0x20, 0x4C, 0x41,
    0x00, 0x4D, 0x4F, 0x44, 0x41, 0x4C, 0x49, 0x54, 0xC0, 0x20, 0x41, 0x20, 0x36, 0x30, 0x20, 0x48,
    0x5A, 0x2E, 0x00, 0x57, 0x41, 0x47, 0x45, 0x52, 0x00, 0x41, 0x50, 0x4F, 0x53, 0x54, 0x41, 0x52,
    0x00, 0x57, 0x45, 0x54, 0x54, 0x45, 0x49, 0x4E, 0x53, 0x41, 0x54, 0x5A, 0x00, 0x50, 0x41, 0x52,
    0x49, 0x00, 0x53, 0x43, 0x4F, 0x4D, 0x4D, 0x45, 0x53, 0x53, 0x41, 0x00, 0x41, 0x52, 0x45, 0x4E,
    0x41, 0x00, 0x41, 0x52, 0xC8, 0x4E, 0x45, 0x00, 0x43, 0x48, 0x4F, 0x4F, 0x53, 0x45, 0x00, 0x53,
    0x45, 0x4C, 0x45, 0x43, 0x43, 0x49, 0x4F, 0x4E, 0x41, 0x00, 0x57, 0xC4, 0x48, 0x4C, 0x45, 0x4E,
    0x20, 0x53, 0x49, 0x45, 0x00, 0x43, 0x48, 0x4F, 0x49, 0x53, 0x49, 0x53, 0x53, 0x45, 0x5A, 0x00,
    0x53, 0x43, 0x45, 0x47, 0x4C, 0x49, 0x00, 0x59, 0x4F, 0x55, 0x52, 0x00, 0x54, 0x55, 0x00, 0x49,
    0x48, 0x52, 0x45, 0x4E, 0x00, 0x56, 0x4F, 0x54, 0x52, 0x45, 0x00, 0x49, 0x4C, 0x20, 0x54, 0x55,
    0x4F, 0x00, 0x46, 0x49, 0x47, 0x48, 0x54, 0x45, 0x52, 0x00, 0x4C, 0x55, 0x43, 0x48, 0x41, 0x44,
    0x4F, 0x52, 0x00, 0x4B, 0xC4, 0x4D, 0x50, 0x46, 0x45, 0x52, 0x00, 0x4F, 0x50, 0x50, 0x4F, 0x4E,
    0x45, 0x4E, 0x54, 0x00, 0x41, 0x44, 0x56, 0x45, 0x52, 0x53, 0x41, 0x52, 0x49, 0x4F, 0x00, 0x47,
    0x45, 0x47, 0x4E, 0x45, 0x52, 0x00, 0x41, 0x44, 0x56, 0x45, 0x52, 0x53, 0x41, 0x49, 0x52, 0x45,
    0x00, 0x41, 0x56, 0x56, 0x45, 0x52, 0x53, 0x41, 0x52, 0x49, 0x4F, 0x00, 0x50, 0x52, 0x41, 0x43,
    0x54, 0x49, 0x43, 0x45, 0x00, 0x50, 0x52, 0xC1, 0x43, 0x54, 0x49, 0x43, 0x41, 0x00, 0x4D, 0x4F,
    0x44, 0x55, 0x53, 0x00, 0x4D, 0x4F, 0x44, 0x45, 0x00, 0x41, 0x4C, 0x4C, 0x45, 0x4E, 0x41, 0x4D,
    0x45, 0x4E, 0x54, 0x4F, 0x00, 0x45, 0x4E, 0x54, 0x52, 0x41, 0xCE, 0x4E, 0x45, 0x4D, 0x45, 0x4E,
    0x54, 0x00, 0x47, 0x41, 0x4D, 0x45, 0x20, 0x4F, 0x50, 0x54, 0x49, 0x4F, 0x4E, 0x53, 0x00, 0x4F,
    0x50, 0x43, 0x49, 0x4F, 0x4E, 0x45, 0x53, 0x20, 0x44, 0x45, 0x20, 0x50, 0x41, 0x52, 0x54, 0x49,
    0x44, 0x41, 0x00, 0x53, 0x50, 0x49, 0x45, 0x4C, 0x4F, 0x50, 0x54, 0x49, 0x4F, 0x4E, 0x45, 0x4E,
    0x00, 0x4F, 0x50, 0x54, 0x49, 0x4F, 0x4E, 0x53, 0x20, 0x44, 0x55, 0x20, 0x4A, 0x45, 0x55, 0x00,
    0x4F, 0x50, 0x5A, 0x49, 0x4F, 0x4E, 0x49, 0x20, 0x47, 0x49, 0x4F, 0x43, 0x4F, 0x00, 0x4D, 0x41,
    0x4E, 0x44, 0x4F, 0x00, 0x49, 0x4D, 0x50, 0x4F, 0x53, 0x54, 0x41, 0x5A, 0x49, 0x4F, 0x4E, 0x49,
    0x00, 0x52, 0xC9, 0x47, 0x4C, 0x41, 0x47, 0x45, 0x53, 0x00, 0x48, 0x41, 0x4E, 0x44, 0x49, 0x43,
    0x41, 0x50, 0x00, 0x48, 0xC1, 0x4E, 0x44, 0x49, 0x43, 0x41, 0x50, 0x00, 0x57, 0x6F, 0x75, 0x6C,
    0x64, 0x20, 0x79, 0x6F, 0x75, 0x20, 0x6C, 0x69, 0x6B, 0x65, 0x20, 0x74, 0x6F, 0x20, 0x64, 0x69,
    0x73, 0x70, 0x6C, 0x61, 0x79, 0x20, 0x69, 0x6E, 0x20, 0x36, 0x30, 0x48, 0x7A, 0x20, 0x6D, 0x6F,
    0x64, 0x65, 0x3F, 0x00, 0xBF, 0x44, 0x65, 0x73, 0x65, 0x61, 0x73, 0x20, 0x76, 0x65, 0x72, 0x20,
    0x65, 0x6C, 0x20, 0x6A, 0x75, 0x65, 0x67, 0x6F, 0x20, 0x65, 0x6E, 0x20, 0x6D, 0x6F, 0x64, 0x6F,
    0x20, 0x36, 0x30, 0x68, 0x7A, 0x3F, 0x00, 0x4D, 0xF6, 0x63, 0x68, 0x74, 0x65, 0x6E, 0x20, 0x53,
    0x69, 0x65, 0x20, 0x64, 0x65, 0x6E, 0x20, 0x36, 0x30, 0x20, 0x48, 0x7A, 0x2D, 0x4D, 0x6F, 0x64,
    0x75, 0x73, 0x20, 0x76, 0x65, 0x72, 0x77, 0x65, 0x6E, 0x64, 0x65, 0x6E, 0x3F, 0x00, 0x56, 0x6F,
    0x75, 0x6C, 0x65, 0x7A, 0x2D, 0x76, 0x6F, 0x75, 0x73, 0x20, 0x75, 0x74, 0x69, 0x6C, 0x69, 0x73,
    0x65, 0x72, 0x20, 0x6C, 0x65, 0x20, 0x6D, 0x6F, 0x64, 0x65, 0x20, 0x36, 0x30, 0x20, 0x48, 0x65,
    0x72, 0x74, 0x7A, 0x3F, 0x00, 0x44, 0x65, 0x73, 0x69, 0x64, 0x65, 0x72, 0x69, 0x20, 0x75, 0x74,
    0x69, 0x6C, 0x69, 0x7A, 0x7A, 0x61, 0x72, 0x65, 0x20, 0x6C, 0x61, 0x20, 0x6D, 0x6F, 0x64, 0x61,
    0x6C, 0x69, 0x74, 0xE0, 0x20, 0x36, 0x30, 0x48, 0x7A, 0x3F, 0x00, 0x79, 0x65, 0x73, 0x00, 0x73,
    0xED, 0x00, 0x6A, 0x61, 0x00, 0x6F, 0x75, 0x69, 0x00, 0x73, 0xEC, 0x00, 0x6E, 0x6F, 0x00, 0x6E,
    0x65, 0x69, 0x6E, 0x00, 0x6E, 0x6F, 0x6E, 0x00, 0x25, 0x64, 0x20, 0x48, 0x7A, 0x20, 0x6D, 0x6F,
    0x64, 0x65, 0x2E, 0x00, 0x4D, 0x6F, 0x64, 0x6F, 0x20, 0x25, 0x64, 0x20, 0x68, 0x7A, 0x2E, 0x00,
    0x25, 0x64, 0x20, 0x48, 0x7A, 0x2D, 0x4D, 0x6F, 0x64, 0x75, 0x73, 0x2E, 0x00, 0x4D, 0x6F, 0x64,
    0x65, 0x20, 0x25, 0x64, 0x20, 0x48, 0x65, 0x72, 0x74, 0x7A, 0x2E, 0x00, 0x4D, 0x6F, 0x64, 0x61,
    0x6C, 0x69, 0x74, 0xE0, 0x20, 0x25, 0x64, 0x20, 0x48, 0x7A, 0x2E, 0x00, 0x52, 0x75, 0x6D, 0x62,
    0x6C, 0x65, 0x20, 0x4F, 0x4E, 0x00, 0x56, 0x69, 0x62, 0x72, 0x61, 0x63, 0x69, 0xF3, 0x6E, 0x20,
    0x53, 0xCC, 0x00, 0x56, 0x69, 0x62, 0x72, 0x61, 0x74, 0x69, 0x6F, 0x6E, 0x20, 0x45, 0x49, 0x4E,
    0x00, 0x56, 0x69, 0x62, 0x72, 0x61, 0x74, 0x69, 0x6F, 0x6E, 0x20, 0x4F, 0x4E, 0x00, 0x56, 0x69,
    0x62, 0x72, 0x61, 0x7A, 0x69, 0x6F, 0x6E, 0x65, 0x20, 0x4F, 0x4E, 0x00, 0x52, 0x75, 0x6D, 0x62,
    0x6C, 0x65, 0x20, 0x4F, 0x46, 0x46, 0x00, 0x56, 0x69, 0x62, 0x72, 0x61, 0x63, 0x69, 0xF3, 0x6E,
    0x20, 0x4E, 0x4F, 0x00, 0x56, 0x69, 0x62, 0x72, 0x61, 0x74, 0x69, 0x6F, 0x6E, 0x20, 0x41, 0x55,
    0x53, 0x00, 0x56, 0x69, 0x62, 0x72, 0x61, 0x74, 0x69, 0x6F, 0x6E, 0x20, 0x4F, 0x46, 0x46, 0x00,
    0x56, 0x69, 0x62, 0x72, 0x61, 0x7A, 0x69, 0x6F, 0x6E, 0x65, 0x20, 0x4F, 0x46, 0x46, 0x00, 0x54,
    0x68, 0x65, 0x20, 0x61, 0x6E, 0x61, 0x6C, 0x6F, 0x67, 0x20, 0x63, 0x6F, 0x6E, 0x74, 0x72, 0x6F,
    0x6C, 0x6C, 0x65, 0x72, 0x20, 0x28, 0x44, 0x55, 0x41, 0x4C, 0x53, 0x48, 0x4F, 0x43, 0x4B, 0xAE,
    0x32, 0x29, 0x20, 0x69, 0x73, 0x20, 0x6E, 0x6F, 0x74, 0x20, 0x64, 0x65, 0x74, 0x65, 0x63, 0x74,
    0x65, 0x64, 0x2E, 0x00, 0x4E, 0x6F, 0x20, 0x73, 0x65, 0x20, 0x64, 0x65, 0x74, 0x65, 0x63, 0x74,
    0x61, 0x20, 0x65, 0x6C, 0x20, 0x6D, 0x61, 0x6E, 0x64, 0x6F, 0x20, 0x61, 0x6E, 0x61, 0x6C, 0xF3,
    0x67, 0x69, 0x63, 0x6F, 0x20, 0x28, 0x44, 0x55, 0x41, 0x4C, 0x53, 0x48, 0x4F, 0x43, 0x4B, 0xAE,
    0x32, 0x29, 0x2E, 0x00, 0x44, 0x65, 0x72, 0x20, 0x41, 0x6E, 0x61, 0x6C, 0x6F, 0x67, 0x20, 0x43,
    0x6F, 0x6E, 0x74, 0x72, 0x6F, 0x6C, 0x6C, 0x65, 0x72, 0x20, 0x28, 0x44, 0x55, 0x41, 0x4C, 0x53,
    0x48, 0x4F, 0x43, 0x4B, 0xAE, 0x32, 0x29, 0x20, 0x6B, 0x61, 0x6E, 0x6E, 0x20, 0x6E, 0x69, 0x63,
    0x68, 0x74, 0x20, 0x67, 0x65, 0x66, 0x75, 0x6E, 0x64, 0x65, 0x6E, 0x00, 0x41, 0x75, 0x63, 0x75,
    0x6E, 0x65, 0x20, 0x6D, 0x61, 0x6E, 0x65, 0x74, 0x74, 0x65, 0x20, 0x61, 0x6E, 0x61, 0x6C, 0x6F,
    0x67, 0x69, 0x71, 0x75, 0x65, 0x20, 0x28, 0x44, 0x55, 0x41, 0x4C, 0x53, 0x48, 0x4F, 0x43, 0x4B,
    0xAE, 0x32, 0x29, 0x20, 0x64, 0xE9, 0x74, 0x65, 0x63, 0x74, 0xE9, 0x65, 0x2E, 0x00, 0x4E, 0x65,
    0x73, 0x73, 0x75, 0x6E, 0x20, 0x63, 0x6F, 0x6E, 0x74, 0x72, 0x6F, 0x6C, 0x6C, 0x65, 0x72, 0x20,
    0x61, 0x6E, 0x61, 0x6C, 0x6F, 0x67, 0x69, 0x63, 0x6F, 0x20, 0x28, 0x44, 0x55, 0x41, 0x4C, 0x53,
    0x48, 0x4F, 0x43, 0x4B, 0xAE, 0x32, 0x29, 0x20, 0x72, 0x69, 0x6C, 0x65, 0x76, 0x61, 0x74, 0x6F,
    0x2E, 0x00, 0x50, 0x6C, 0x65, 0x61, 0x73, 0x65, 0x20, 0x69, 0x6E, 0x73, 0x65, 0x72, 0x74, 0x20,
    0x61, 0x6E, 0x20, 0x61, 0x6E, 0x61, 0x6C, 0x6F, 0x67, 0x20, 0x63, 0x6F, 0x6E, 0x74, 0x72, 0x6F,
    0x6C, 0x6C, 0x65, 0x72, 0x20, 0x28, 0x44, 0x55, 0x41, 0x4C, 0x53, 0x48, 0x4F, 0x43, 0x4B, 0xAE,
    0x32, 0x29, 0x00, 0x49, 0x6E, 0x73, 0x65, 0x72, 0x74, 0x61, 0x20, 0x75, 0x6E, 0x20, 0x6D, 0x61,
    0x6E, 0x64, 0x6F, 0x20, 0x61, 0x6E, 0x61, 0x6C, 0xF3, 0x67, 0x69, 0x63, 0x6F, 0x20, 0x28, 0x44,
    0x55, 0x41, 0x4C, 0x53, 0x48, 0x4F, 0x43, 0x4B, 0xAE, 0x32, 0x29, 0x20, 0x65, 0x6E, 0x20, 0x65,
    0x6C, 0x00, 0x77, 0x65, 0x72, 0x64, 0x65, 0x6E, 0x2E, 0x20, 0x42, 0x69, 0x74, 0x74, 0x65, 0x20,
    0x41, 0x6E, 0x61, 0x6C, 0x6F, 0x67, 0x20, 0x43, 0x6F, 0x6E, 0x74, 0x72, 0x6F, 0x6C, 0x6C, 0x65,
    0x72, 0x20, 0x28, 0x44, 0x55, 0x41, 0x4C, 0x53, 0x48, 0x4F, 0x43, 0x4B, 0xAE, 0x32, 0x29, 0x20,
    0x61, 0x6E, 0x00, 0x49, 0x6E, 0x73, 0xE9, 0x72, 0x65, 0x72, 0x20, 0x75, 0x6E, 0x65, 0x20, 0x6D,
    0x61, 0x6E, 0x65, 0x74, 0x74, 0x65, 0x20, 0x61, 0x6E, 0x61, 0x6C, 0x6F, 0x67, 0x69, 0x71, 0x75,
    0x65, 0x20, 0x28, 0x44, 0x55, 0x41, 0x4C, 0x53, 0x48, 0x4F, 0x43, 0x4B, 0xAE, 0x32, 0x29, 0x20,
    0x64, 0x61, 0x6E, 0x73, 0x20, 0x6C, 0x65, 0x00, 0x43, 0x6F, 0x6C, 0x6C, 0x65, 0x67, 0x61, 0x20,
    0x75, 0x6E, 0x20, 0x63, 0x6F, 0x6E, 0x74, 0x72, 0x6F, 0x6C, 0x6C, 0x65, 0x72, 0x20, 0x61, 0x6E,
    0x61, 0x6C, 0x6F, 0x67, 0x69, 0x63, 0x6F, 0x20, 0x28, 0x44, 0x55, 0x41, 0x4C, 0x53, 0x48, 0x4F,
    0x43, 0x4B, 0xAE, 0x32, 0x29, 0x20, 0x61, 0x6C, 0x6C, 0x27, 0x69, 0x6E, 0x67, 0x72, 0x65, 0x73,
    0x73, 0x6F, 0x00, 0x74, 0x6F, 0x20, 0x63, 0x6F, 0x6E, 0x74, 0x72, 0x6F, 0x6C, 0x6C, 0x65, 0x72,
    0x20, 0x70, 0x6F, 0x72, 0x74, 0x20, 0x31, 0x20, 0x61, 0x6E, 0x64, 0x20, 0x70, 0x72, 0x65, 0x73,
    0x73, 0x20, 0x74, 0x68, 0x65, 0x20, 0x78, 0x20, 0x62, 0x75, 0x74, 0x74, 0x6F, 0x6E, 0x20, 0x74,
    0x6F, 0x20, 0x63, 0x6F, 0x6E, 0x74, 0x69, 0x6E, 0x75, 0x65, 0x2E, 0x00, 0x70, 0x75, 0x65, 0x72,
    0x74, 0x6F, 0x20, 0x64, 0x65, 0x20, 0x6D, 0x61, 0x6E, 0x64, 0x6F, 0x20, 0x31, 0x20, 0x79, 0x20,
    0x70, 0x75, 0x6C, 0x73, 0x61, 0x20, 0x65, 0x6C, 0x20, 0x62, 0x6F, 0x74, 0xF3, 0x6E, 0x20, 0x78,
    0x20, 0x70, 0x61, 0x72, 0x61, 0x20, 0x63, 0x6F, 0x6E, 0x74, 0x69, 0x6E, 0x75, 0x61, 0x72, 0x2E,
    0x00, 0x43, 0x6F, 0x6E, 0x74, 0x72, 0x6F, 0x6C, 0x6C, 0x65, 0x72, 0x2D, 0x41, 0x6E, 0x73, 0x63,
    0x68, 0x6C, 0x75, 0x73, 0x73, 0x20, 0x31, 0x20, 0x61, 0x6E, 0x73, 0x63, 0x68, 0x6C, 0x69, 0x65,
    0xDF, 0x65, 0x6E, 0x20, 0x75, 0x6E, 0x64, 0x20, 0x78, 0x2D, 0x54, 0x61, 0x73, 0x74, 0x65, 0x20,
    0x7A, 0x75, 0x6D, 0x00, 0x70, 0x6F, 0x72, 0x74, 0x20, 0x64, 0x65, 0x20, 0x6D, 0x61, 0x6E, 0x65,
    0x74, 0x74, 0x65, 0x20, 0x4E, 0xB0, 0x31, 0x20, 0x65, 0x74, 0x20, 0x61, 0x70, 0x70, 0x75, 0x79,
    0x65, 0x72, 0x20, 0x73, 0x75, 0x72, 0x20, 0x6C, 0x61, 0x20, 0x74, 0x6F, 0x75, 0x63, 0x68, 0x65,
    0x20, 0x78, 0x20, 0x70, 0x6F, 0x75, 0x72, 0x00, 0x63, 0x6F, 0x6E, 0x74, 0x72, 0x6F, 0x6C, 0x6C,
    0x65, 0x72, 0x20, 0x31, 0x20, 0x65, 0x20, 0x70, 0x72, 0x65, 0x6D, 0x69, 0x20, 0x69, 0x6C, 0x20,
    0x74, 0x61, 0x73, 0x74, 0x6F, 0x20, 0x78, 0x20, 0x70, 0x65, 0x72, 0x20, 0x63, 0x6F, 0x6E, 0x74,
    0x69, 0x6E, 0x75, 0x61, 0x72, 0x65, 0x2E, 0x00, 0x00, 0x46, 0x6F, 0x72, 0x74, 0x66, 0x61, 0x68,
    0x72, 0x65, 0x6E, 0x20, 0x64, 0x72, 0xFC, 0x63, 0x6B, 0x65, 0x6E, 0x2E, 0x00, 0x63, 0x6F, 0x6E,
    0x74, 0x69, 0x6E, 0x75, 0x65, 0x72, 0x2E, 0x00,
};

FontTableEntry font_table[18] = {
    { (char*)&stringBase0[0], 0x00010012, 0x00010005, (char*)&stringBase0[0xE], { 0x00000000, 0x00000000 } },
    { (char*)&stringBase0[0xE], 0x00010013, 0x00010006, (char*)&stringBase0[0x1C], { 0x00000000, 0x00000000 } },
    { (char*)&stringBase0[0x1C], 0x00010010, 0x00010003, (char*)&stringBase0[0x2B], { 0x00000000, 0x00000000 } },
    { (char*)&stringBase0[0x2B], 0x00010011, 0x00010004, (char*)&stringBase0[0x3A], { 0x00000000, 0x00000000 } },
    { (char*)&stringBase0[0x3A], 0x00010014, 0x00010007, (char*)&stringBase0[0x49], { 0x00000000, 0x00000000 } },
    { (char*)&stringBase0[0x49], 0x00010015, 0x00010008, (char*)&stringBase0[0x5A], { 0x00000000, 0x00000000 } },
    { (char*)&stringBase0[0x5A], 0x0001000F, 0x00010002, (char*)&stringBase0[0x63], { 0x00000000, 0x00000000 } },
    { (char*)&stringBase0[0x63], 0x0001000E, 0x00010001, (char*)&stringBase0[0x71], { 0x00000000, 0x00000000 } },
    { (char*)&stringBase0[0x71], 0x0001000D, 0x00010000, (char*)&stringBase0[0x7A], { 0x00000000, 0x00000000 } },
    { (char*)&stringBase0[0x7A], 0x00010016, 0x00010009, (char*)&stringBase0[0x88], { 0x00000000, 0x00000000 } },
    { (char*)&stringBase0[0x88], 0x08020009, 0x08020005, (char*)&stringBase0[0xA2], { 0x00000000, 0x00000000 } },
    { (char*)&stringBase0[0xA2], 0x0802000A, 0x08020006, (char*)&stringBase0[0xBD], { 0x00000000, 0x00000000 } },
    { (char*)&stringBase0[0xBD], 0x0802000C, 0x08020008, (char*)&stringBase0[0xD3], { 0x00000000, 0x00000000 } },
    { (char*)&stringBase0[0xD3], 0x0802000B, 0x08020007, (char*)&stringBase0[0xE3], { 0x00000000, 0x00000000 } },
    { (char*)&stringBase0[0xE3], 0x0A8C0008, 0x0A8C0000, (char*)&stringBase0[0xF9], { 0x00000000, 0x00000000 } },
    { (char*)&stringBase0[0xF9], 0x0A920005, 0x0A920000, (char*)&stringBase0[0x109], { 0x00000000, 0x00000000 } },
    { (char*)&stringBase0[0x109], 0x01490001, 0x01490000, (char*)&stringBase0[0x112], { 0x00000000, 0x00000000 } },
    { (char*)&stringBase0[0x112], 0x0002002C, 0x00020001, (char*)&stringBase0[0x00010005], { 0x00000000, 0x00000000 } },
};

FontStringRow string_table[155] = {
    (char*)&stringBase0[0x11E], (char*)&stringBase0[0x11E], (char*)&stringBase0[0x11E], (char*)&stringBase0[0x11E], (char*)&stringBase0[0x11E], (char*)&stringBase0[0x11E],
    (char*)&stringBase0[0x120], (char*)&stringBase0[0x12C], (char*)&stringBase0[0x13B], (char*)&stringBase0[0x14A], (char*)&stringBase0[0x15C], (char*)&stringBase0[0x120],
    (char*)&stringBase0[0x168], (char*)&stringBase0[0x17B], (char*)&stringBase0[0x192], (char*)&stringBase0[0x1A7], (char*)&stringBase0[0x1C4], (char*)&stringBase0[0x168],
    (char*)&stringBase0[0x120], (char*)&stringBase0[0x1D9], (char*)&stringBase0[0x1E3], (char*)&stringBase0[0x1EF], (char*)&stringBase0[0x1FE], (char*)&stringBase0[0x120],
    (char*)&stringBase0[0x20D], (char*)&stringBase0[0x214], (char*)&stringBase0[0x221], (char*)&stringBase0[0x22A], (char*)&stringBase0[0x238], (char*)&stringBase0[0x20D],
    (char*)&stringBase0[0x23E], (char*)&stringBase0[0x247], (char*)&stringBase0[0x250], (char*)&stringBase0[0x25D], (char*)&stringBase0[0x26B], (char*)&stringBase0[0x23E],
    (char*)&stringBase0[0x278], (char*)&stringBase0[0x289], (char*)&stringBase0[0x29F], (char*)&stringBase0[0x2AE], (char*)&stringBase0[0x2C0], (char*)&stringBase0[0x278],
    (char*)&stringBase0[0x2D6], (char*)&stringBase0[0x2DF], (char*)&stringBase0[0x2EA], (char*)&stringBase0[0x2F6], (char*)&stringBase0[0x300], (char*)&stringBase0[0x2D6],
    (char*)&stringBase0[0x30A], (char*)&stringBase0[0x312], (char*)&stringBase0[0x31C], (char*)&stringBase0[0x327], (char*)&stringBase0[0x330], (char*)&stringBase0[0x30A],
    (char*)&stringBase0[0x339], (char*)&stringBase0[0x345], (char*)&stringBase0[0x350], (char*)&stringBase0[0x35D], (char*)&stringBase0[0x36B], (char*)&stringBase0[0x339],
    (char*)&stringBase0[0x376], (char*)&stringBase0[0x380], (char*)&stringBase0[0x38B], (char*)&stringBase0[0x396], (char*)&stringBase0[0x3A3], (char*)&stringBase0[0x376],
    (char*)&stringBase0[0x3B0], (char*)&stringBase0[0x3BC], (char*)&stringBase0[0x3C7], (char*)&stringBase0[0x3D7], (char*)&stringBase0[0x3E5], (char*)&stringBase0[0x3B0],
    (char*)&stringBase0[0x3F1], (char*)&stringBase0[0x400], (char*)&stringBase0[0x40D], (char*)&stringBase0[0x416], (char*)&stringBase0[0x426], (char*)&stringBase0[0x3F1],
    (char*)&stringBase0[0x430], (char*)&stringBase0[0x443], (char*)&stringBase0[0x453], (char*)&stringBase0[0x467], (char*)&stringBase0[0x478], (char*)&stringBase0[0x430],
    (char*)&stringBase0[0x48E], (char*)&stringBase0[0x49E], (char*)&stringBase0[0x4A9], (char*)&stringBase0[0x4B7], (char*)&stringBase0[0x4CD], (char*)&stringBase0[0x48E],
    (char*)&stringBase0[0x4DA], (char*)&stringBase0[0x4EA], (char*)&stringBase0[0x4F3], (char*)&stringBase0[0x501], (char*)&stringBase0[0x50E], (char*)&stringBase0[0x4DA],
    (char*)&stringBase0[0x51F], (char*)&stringBase0[0x532], (char*)&stringBase0[0x545], (char*)&stringBase0[0x551], (char*)&stringBase0[0x567], (char*)&stringBase0[0x51F],
    (char*)&stringBase0[0x168], (char*)&stringBase0[0x57E], (char*)&stringBase0[0x592], (char*)&stringBase0[0x5A8], (char*)&stringBase0[0x1C4], (char*)&stringBase0[0x168],
    (char*)&stringBase0[0x5BE], (char*)&stringBase0[0x5CA], (char*)&stringBase0[0x5D9], (char*)&stringBase0[0x5ED], (char*)&stringBase0[0x602], (char*)&stringBase0[0x5BE],
    (char*)&stringBase0[0x11E], (char*)&stringBase0[0x11E], (char*)&stringBase0[0x611], (char*)&stringBase0[0x11E], (char*)&stringBase0[0x11E], (char*)&stringBase0[0x11E],
    (char*)&stringBase0[0x621], (char*)&stringBase0[0x62C], (char*)&stringBase0[0x621], (char*)&stringBase0[0x638], (char*)&stringBase0[0x621], (char*)&stringBase0[0x621],
    (char*)&stringBase0[0x640], (char*)&stringBase0[0x64D], (char*)&stringBase0[0x65A], (char*)&stringBase0[0x666], (char*)&stringBase0[0x674], (char*)&stringBase0[0x640],
    (char*)&stringBase0[0x67F], (char*)&stringBase0[0x690], (char*)&stringBase0[0x6A2], (char*)&stringBase0[0x6B4], (char*)&stringBase0[0x6C9], (char*)&stringBase0[0x67F],
    (char*)&stringBase0[0x6D3], (char*)&stringBase0[0x6E2], (char*)&stringBase0[0x6F1], (char*)&stringBase0[0x700], (char*)&stringBase0[0x70B], (char*)&stringBase0[0x6D3],
    (char*)&stringBase0[0x719], (char*)&stringBase0[0x72F], (char*)&stringBase0[0x73C], (char*)&stringBase0[0x74A], (char*)&stringBase0[0x755], (char*)&stringBase0[0x719],
    (char*)&stringBase0[0x763], (char*)&stringBase0[0x773], (char*)&stringBase0[0x784], (char*)&stringBase0[0x796], (char*)&stringBase0[0x7AB], (char*)&stringBase0[0x763],
    (char*)&stringBase0[0x5BE], (char*)&stringBase0[0x5CA], (char*)&stringBase0[0x7B9], (char*)&stringBase0[0x7CA], (char*)&stringBase0[0x602], (char*)&stringBase0[0x5BE],
    (char*)&stringBase0[0x11E], (char*)&stringBase0[0x11E], (char*)&stringBase0[0x7D9], (char*)&stringBase0[0x11E], (char*)&stringBase0[0x11E], (char*)&stringBase0[0x11E],
    (char*)&stringBase0[0x11E], (char*)&stringBase0[0x11E], (char*)&stringBase0[0x7E3], (char*)&stringBase0[0x11E], (char*)&stringBase0[0x11E], (char*)&stringBase0[0x11E],
    (char*)&stringBase0[0x430], (char*)&stringBase0[0x443], (char*)&stringBase0[0x453], (char*)&stringBase0[0x467], (char*)&stringBase0[0x478], (char*)&stringBase0[0x430],
    (char*)&stringBase0[0x67F], (char*)&stringBase0[0x690], (char*)&stringBase0[0x7F0], (char*)&stringBase0[0x6B4], (char*)&stringBase0[0x6C9], (char*)&stringBase0[0x67F],
    (char*)&stringBase0[0x6D3], (char*)&stringBase0[0x806], (char*)&stringBase0[0x80F], (char*)&stringBase0[0x700], (char*)&stringBase0[0x70B], (char*)&stringBase0[0x6D3],
    (char*)&stringBase0[0x824], (char*)&stringBase0[0x832], (char*)&stringBase0[0x842], (char*)&stringBase0[0x856], (char*)&stringBase0[0x863], (char*)&stringBase0[0x824],
    (char*)&stringBase0[0x873], (char*)&stringBase0[0x881], (char*)&stringBase0[0x88F], (char*)&stringBase0[0x8A6], (char*)&stringBase0[0x8B4], (char*)&stringBase0[0x873],
    (char*)&stringBase0[0x8C4], (char*)&stringBase0[0x8D3], (char*)&stringBase0[0x8E7], (char*)&stringBase0[0x8FB], (char*)&stringBase0[0x90D], (char*)&stringBase0[0x8C4],
    (char*)&stringBase0[0x91D], (char*)&stringBase0[0x927], (char*)&stringBase0[0x611], (char*)&stringBase0[0x7CA], (char*)&stringBase0[0x931], (char*)&stringBase0[0x91D],
    (char*)&stringBase0[0x93C], (char*)&stringBase0[0x94E], (char*)&stringBase0[0x960], (char*)&stringBase0[0x975], (char*)&stringBase0[0x988], (char*)&stringBase0[0x93C],
    (char*)&stringBase0[0x99B], (char*)&stringBase0[0x9AA], (char*)&stringBase0[0x9BC], (char*)&stringBase0[0x9CE], (char*)&stringBase0[0x9DA], (char*)&stringBase0[0x99B],
    (char*)&stringBase0[0x9EA], (char*)&stringBase0[0x9F8], (char*)&stringBase0[0xA0B], (char*)&stringBase0[0xA18], (char*)&stringBase0[0xA2C], (char*)&stringBase0[0x9EA],
    (char*)&stringBase0[0xA3F], (char*)&stringBase0[0xA4A], (char*)&stringBase0[0xA5B], (char*)&stringBase0[0xA66], (char*)&stringBase0[0xA75], (char*)&stringBase0[0xA3F],
    (char*)&stringBase0[0xA82], (char*)&stringBase0[0xA92], (char*)&stringBase0[0xAA1], (char*)&stringBase0[0xAB1], (char*)&stringBase0[0xAC4], (char*)&stringBase0[0xA82],
    (char*)&stringBase0[0xAD4], (char*)&stringBase0[0xAE0], (char*)&stringBase0[0xAF0], (char*)&stringBase0[0xAFB], (char*)&stringBase0[0xB0A], (char*)&stringBase0[0xAD4],
    (char*)&stringBase0[0xB19], (char*)&stringBase0[0xB20], (char*)&stringBase0[0xB27], (char*)&stringBase0[0xB31], (char*)&stringBase0[0xB3B], (char*)&stringBase0[0xB19],
    (char*)&stringBase0[0xB43], (char*)&stringBase0[0xB48], (char*)&stringBase0[0xB4F], (char*)&stringBase0[0xB57], (char*)&stringBase0[0xB57], (char*)&stringBase0[0xB43],
    (char*)&stringBase0[0xB5E], (char*)&stringBase0[0xB65], (char*)&stringBase0[0xB6B], (char*)&stringBase0[0xB72], (char*)&stringBase0[0xB65], (char*)&stringBase0[0xB5E],
    (char*)&stringBase0[0xB78], (char*)&stringBase0[0xB7D], (char*)&stringBase0[0xB86], (char*)&stringBase0[0xB8B], (char*)&stringBase0[0xB8B], (char*)&stringBase0[0xB78],
    (char*)&stringBase0[0xB95], (char*)&stringBase0[0xB99], (char*)&stringBase0[0xB95], (char*)&stringBase0[0xB95], (char*)&stringBase0[0xB95], (char*)&stringBase0[0xB95],
    (char*)&stringBase0[0xB9F], (char*)&stringBase0[0xB9F], (char*)&stringBase0[0xBA5], (char*)&stringBase0[0xBAC], (char*)&stringBase0[0xBB3], (char*)&stringBase0[0xB9F],
    (char*)&stringBase0[0xBBA], (char*)&stringBase0[0xBBA], (char*)&stringBase0[0xBBE], (char*)&stringBase0[0xBBA], (char*)&stringBase0[0xBBA], (char*)&stringBase0[0xBBA],
    (char*)&stringBase0[0xBC2], (char*)&stringBase0[0xBC6], (char*)&stringBase0[0xBC2], (char*)&stringBase0[0xBCB], (char*)&stringBase0[0xBCF], (char*)&stringBase0[0xBC2],
    (char*)&stringBase0[0xBD5], (char*)&stringBase0[0xBE3], (char*)&stringBase0[0xBFC], (char*)&stringBase0[0xC0F], (char*)&stringBase0[0xC22], (char*)&stringBase0[0xBD5],
    (char*)&stringBase0[0xC35], (char*)&stringBase0[0xC44], (char*)&stringBase0[0xC5D], (char*)&stringBase0[0xC71], (char*)&stringBase0[0xC84], (char*)&stringBase0[0xC35],
    (char*)&stringBase0[0xC97], (char*)&stringBase0[0xCA8], (char*)&stringBase0[0xCC1], (char*)&stringBase0[0xCD8], (char*)&stringBase0[0xCF4], (char*)&stringBase0[0xC97],
    (char*)&stringBase0[0xD0E], (char*)&stringBase0[0xD1E], (char*)&stringBase0[0xD39], (char*)&stringBase0[0xD51], (char*)&stringBase0[0xD69], (char*)&stringBase0[0xD0E],
    (char*)&stringBase0[0xD7E], (char*)&stringBase0[0xD8F], (char*)&stringBase0[0xD9F], (char*)&stringBase0[0xDB0], (char*)&stringBase0[0xDC1], (char*)&stringBase0[0xD7E],
    (char*)&stringBase0[0xDD1], (char*)&stringBase0[0xDDF], (char*)&stringBase0[0xDEC], (char*)&stringBase0[0xDFD], (char*)&stringBase0[0xE0E], (char*)&stringBase0[0xDD1],
    (char*)&stringBase0[0xE1B], (char*)&stringBase0[0xE2C], (char*)&stringBase0[0xE3F], (char*)&stringBase0[0xE4F], (char*)&stringBase0[0xE63], (char*)&stringBase0[0xE1B],
    (char*)&stringBase0[0xE77], (char*)&stringBase0[0xE86], (char*)&stringBase0[0xE9E], (char*)&stringBase0[0xEB1], (char*)&stringBase0[0xECB], (char*)&stringBase0[0xE77],
    (char*)&stringBase0[0xEDE], (char*)&stringBase0[0xEEE], (char*)&stringBase0[0xF04], (char*)&stringBase0[0xF1E], (char*)&stringBase0[0xF32], (char*)&stringBase0[0xEDE],
    (char*)&stringBase0[0xF44], (char*)&stringBase0[0xF52], (char*)&stringBase0[0xF63], (char*)&stringBase0[0xF74], (char*)&stringBase0[0xF8C], (char*)&stringBase0[0xF44],
    (char*)&stringBase0[0xF9D], (char*)&stringBase0[0xFAD], (char*)&stringBase0[0xFBF], (char*)&stringBase0[0xFD3], (char*)&stringBase0[0xFE7], (char*)&stringBase0[0xF9D],
    (char*)&stringBase0[0xFFA], (char*)&stringBase0[0x1009], (char*)&stringBase0[0x1019], (char*)&stringBase0[0x1031], (char*)&stringBase0[0x1041], (char*)&stringBase0[0xFFA],
    (char*)&stringBase0[0x1051], (char*)&stringBase0[0x1058], (char*)&stringBase0[0x105E], (char*)&stringBase0[0x1065], (char*)&stringBase0[0x1069], (char*)&stringBase0[0x1051],
    (char*)&stringBase0[0x106F], (char*)&stringBase0[0x1078], (char*)&stringBase0[0x1082], (char*)&stringBase0[0x108D], (char*)&stringBase0[0x1097], (char*)&stringBase0[0x106F],
    (char*)&stringBase0[0x10A3], (char*)&stringBase0[0x10B4], (char*)&stringBase0[0x10C5], (char*)&stringBase0[0x10E0], (char*)&stringBase0[0x10F2], (char*)&stringBase0[0x10A3],
    (char*)&stringBase0[0x1107], (char*)&stringBase0[0x1118], (char*)&stringBase0[0x1124], (char*)&stringBase0[0x113C], (char*)&stringBase0[0x1154], (char*)&stringBase0[0x1107],
    (char*)&stringBase0[0x1167], (char*)&stringBase0[0x1177], (char*)&stringBase0[0x118C], (char*)&stringBase0[0x11A8], (char*)&stringBase0[0x11BE], (char*)&stringBase0[0x1167],
    (char*)&stringBase0[0x11C9], (char*)&stringBase0[0x11D7], (char*)&stringBase0[0x11EE], (char*)&stringBase0[0x11FC], (char*)&stringBase0[0x1215], (char*)&stringBase0[0x11C9],
    (char*)&stringBase0[0x122B], (char*)&stringBase0[0x1239], (char*)&stringBase0[0x1242], (char*)&stringBase0[0x125C], (char*)&stringBase0[0x1266], (char*)&stringBase0[0x122B],
    (char*)&stringBase0[0x126F], (char*)&stringBase0[0x127E], (char*)&stringBase0[0x1291], (char*)&stringBase0[0x12A4], (char*)&stringBase0[0x12BC], (char*)&stringBase0[0x126F],
    (char*)&stringBase0[0x12D0], (char*)&stringBase0[0x12DB], (char*)&stringBase0[0x12E4], (char*)&stringBase0[0x12EF], (char*)&stringBase0[0x12FE], (char*)&stringBase0[0x12D0],
    (char*)&stringBase0[0x1307], (char*)&stringBase0[0x1313], (char*)&stringBase0[0x131E], (char*)&stringBase0[0x1329], (char*)&stringBase0[0x133F], (char*)&stringBase0[0x1307],
    (char*)&stringBase0[0x134A], (char*)&stringBase0[0x1356], (char*)&stringBase0[0x1360], (char*)&stringBase0[0x1371], (char*)&stringBase0[0x1380], (char*)&stringBase0[0x134A],
    (char*)&stringBase0[0x138D], (char*)&stringBase0[0x1396], (char*)&stringBase0[0x138D], (char*)&stringBase0[0x139D], (char*)&stringBase0[0x13AF], (char*)&stringBase0[0x138D],
    (char*)&stringBase0[0x13BA], (char*)&stringBase0[0x13CA], (char*)&stringBase0[0x13DE], (char*)&stringBase0[0x13F5], (char*)&stringBase0[0x140D], (char*)&stringBase0[0x13BA],
    (char*)&stringBase0[0x141D], (char*)&stringBase0[0x142C], (char*)&stringBase0[0x143D], (char*)&stringBase0[0x1449], (char*)&stringBase0[0x145C], (char*)&stringBase0[0x141D],
    (char*)&stringBase0[0x1472], (char*)&stringBase0[0x147F], (char*)&stringBase0[0x148A], (char*)&stringBase0[0x149A], (char*)&stringBase0[0x14A5], (char*)&stringBase0[0x1472],
    (char*)&stringBase0[0x14B3], (char*)&stringBase0[0x14BD], (char*)&stringBase0[0x14C9], (char*)&stringBase0[0x14D0], (char*)&stringBase0[0x14DB], (char*)&stringBase0[0x14B3],
    (char*)&stringBase0[0x14E7], (char*)&stringBase0[0x14F6], (char*)&stringBase0[0x1505], (char*)&stringBase0[0x1519], (char*)&stringBase0[0x1531], (char*)&stringBase0[0x14E7],
    (char*)&stringBase0[0x1543], (char*)&stringBase0[0x154F], (char*)&stringBase0[0x1566], (char*)&stringBase0[0x157A], (char*)&stringBase0[0x1589], (char*)&stringBase0[0x1543],
    (char*)&stringBase0[0x15A1], (char*)&stringBase0[0x15B2], (char*)&stringBase0[0x15C8], (char*)&stringBase0[0x15E2], (char*)&stringBase0[0x15FF], (char*)&stringBase0[0x15A1],
    (char*)&stringBase0[0x1611], (char*)&stringBase0[0x161F], (char*)&stringBase0[0x1629], (char*)&stringBase0[0x1637], (char*)&stringBase0[0x1646], (char*)&stringBase0[0x1611],
    (char*)&stringBase0[0x1650], (char*)&stringBase0[0x1657], (char*)&stringBase0[0x1662], (char*)&stringBase0[0x166C], (char*)&stringBase0[0x1677], (char*)&stringBase0[0x1650],
    (char*)&stringBase0[0x1681], (char*)&stringBase0[0x1692], (char*)&stringBase0[0x16A6], (char*)&stringBase0[0x16B9], (char*)&stringBase0[0x16CF], (char*)&stringBase0[0x1681],
    (char*)&stringBase0[0x16E6], (char*)&stringBase0[0x16F0], (char*)&stringBase0[0x16FA], (char*)&stringBase0[0x1705], (char*)&stringBase0[0x16E6], (char*)&stringBase0[0x16E6],
    (char*)&stringBase0[0x1711], (char*)&stringBase0[0x171E], (char*)&stringBase0[0x172D], (char*)&stringBase0[0x173C], (char*)&stringBase0[0x174B], (char*)&stringBase0[0x1711],
    (char*)&stringBase0[0x175F], (char*)&stringBase0[0x1768], (char*)&stringBase0[0x1777], (char*)&stringBase0[0x1785], (char*)&stringBase0[0x1791], (char*)&stringBase0[0x175F],
    (char*)&stringBase0[0x1797], (char*)&stringBase0[0x17A3], (char*)&stringBase0[0x17AB], (char*)&stringBase0[0x17B4], (char*)&stringBase0[0x17C1], (char*)&stringBase0[0x1797],
    (char*)&stringBase0[0x17C8], (char*)&stringBase0[0x17D4], (char*)&stringBase0[0x17E8], (char*)&stringBase0[0x17FA], (char*)&stringBase0[0x180E], (char*)&stringBase0[0x17C8],
    (char*)&stringBase0[0x1827], (char*)&stringBase0[0x1836], (char*)&stringBase0[0x1844], (char*)&stringBase0[0x1853], (char*)&stringBase0[0x1864], (char*)&stringBase0[0x1827],
    (char*)&stringBase0[0x1874], (char*)&stringBase0[0x1880], (char*)&stringBase0[0x188C], (char*)&stringBase0[0x18A2], (char*)&stringBase0[0x18B2], (char*)&stringBase0[0x1874],
    (char*)&stringBase0[0x18BF], (char*)&stringBase0[0x18CC], (char*)&stringBase0[0x18D5], (char*)&stringBase0[0x18E1], (char*)&stringBase0[0x18ED], (char*)&stringBase0[0x18BF],
    (char*)&stringBase0[0x18F7], (char*)&stringBase0[0x1904], (char*)&stringBase0[0x1911], (char*)&stringBase0[0x1915], (char*)&stringBase0[0x1921], (char*)&stringBase0[0x18F7],
    (char*)&stringBase0[0x1932], (char*)&stringBase0[0x193C], (char*)&stringBase0[0x1946], (char*)&stringBase0[0x194E], (char*)&stringBase0[0x1958], (char*)&stringBase0[0x1932],
    (char*)&stringBase0[0x195F], (char*)&stringBase0[0x15B2], (char*)&stringBase0[0x1970], (char*)&stringBase0[0x1980], (char*)&stringBase0[0x199C], (char*)&stringBase0[0x195F],
    (char*)&stringBase0[0x19B1], (char*)&stringBase0[0x19C0], (char*)&stringBase0[0x19CF], (char*)&stringBase0[0x19EA], (char*)&stringBase0[0x19F9], (char*)&stringBase0[0x19B1],
    (char*)&stringBase0[0x1A10], (char*)&stringBase0[0x1A22], (char*)&stringBase0[0x188C], (char*)&stringBase0[0x1A3A], (char*)&stringBase0[0x1A4F], (char*)&stringBase0[0x1A10],
    (char*)&stringBase0[0x1A68], (char*)&stringBase0[0x1A74], (char*)&stringBase0[0x1A80], (char*)&stringBase0[0x1A8D], (char*)&stringBase0[0x1A9A], (char*)&stringBase0[0x1A68],
    (char*)&stringBase0[0x1AA3], (char*)&stringBase0[0x1AB2], (char*)&stringBase0[0x188C], (char*)&stringBase0[0x1ABF], (char*)&stringBase0[0x1ACD], (char*)&stringBase0[0x1AA3],
    (char*)&stringBase0[0x1ADB], (char*)&stringBase0[0x1AE3], (char*)&stringBase0[0x1AED], (char*)&stringBase0[0x1AFA], (char*)&stringBase0[0x1B01], (char*)&stringBase0[0x1ADB],
    (char*)&stringBase0[0x1B0D], (char*)&stringBase0[0x161F], (char*)&stringBase0[0x1ADB], (char*)&stringBase0[0x1B18], (char*)&stringBase0[0x1646], (char*)&stringBase0[0x1B0D],
    (char*)&stringBase0[0x1B23], (char*)&stringBase0[0x1B2D], (char*)&stringBase0[0x188C], (char*)&stringBase0[0x1B37], (char*)&stringBase0[0x1B43], (char*)&stringBase0[0x1B23],
    (char*)&stringBase0[0x1B4D], (char*)&stringBase0[0x1B58], (char*)&stringBase0[0x1B65], (char*)&stringBase0[0x1B70], (char*)&stringBase0[0x1B80], (char*)&stringBase0[0x1B4D],
    (char*)&stringBase0[0x1B8D], (char*)&stringBase0[0x1B99], (char*)&stringBase0[0x1BA7], (char*)&stringBase0[0x1BB2], (char*)&stringBase0[0x1BC0], (char*)&stringBase0[0x1B8D],
    (char*)&stringBase0[0x1BCE], (char*)&stringBase0[0x1BDA], (char*)&stringBase0[0x1BE6], (char*)&stringBase0[0x1BED], (char*)&stringBase0[0x1BFA], (char*)&stringBase0[0x1BCE],
    (char*)&stringBase0[0x1C09], (char*)&stringBase0[0x1C17], (char*)&stringBase0[0x1C09], (char*)&stringBase0[0x1C25], (char*)&stringBase0[0x1C38], (char*)&stringBase0[0x1C09],
    (char*)&stringBase0[0x1C4C], (char*)&stringBase0[0x1C4C], (char*)&stringBase0[0x1C4C], (char*)&stringBase0[0x1C4C], (char*)&stringBase0[0x1C4C], (char*)&stringBase0[0x1C4C],
    (char*)&stringBase0[0x1C5A], (char*)&stringBase0[0x1C69], (char*)&stringBase0[0x1C5A], (char*)&stringBase0[0x1C78], (char*)&stringBase0[0x1C86], (char*)&stringBase0[0x1C5A],
    (char*)&stringBase0[0x1C93], (char*)&stringBase0[0x1C93], (char*)&stringBase0[0x1C93], (char*)&stringBase0[0x1C93], (char*)&stringBase0[0x1C93], (char*)&stringBase0[0x1C93],
    (char*)&stringBase0[0x1C9E], (char*)&stringBase0[0x1CA7], (char*)&stringBase0[0x1CB0], (char*)&stringBase0[0x1CBA], (char*)&stringBase0[0x1CC4], (char*)&stringBase0[0x1C9E],
    (char*)&stringBase0[0x11E], (char*)&stringBase0[0x11E], (char*)&stringBase0[0x11E], (char*)&stringBase0[0x11E], (char*)&stringBase0[0x11E], (char*)&stringBase0[0x11E],
    (char*)&stringBase0[0x1CCD], (char*)&stringBase0[0x1CD9], (char*)&stringBase0[0x1CE8], (char*)&stringBase0[0x1CF6], (char*)&stringBase0[0x1D00], (char*)&stringBase0[0x1CCD],
    (char*)&stringBase0[0x1D0C], (char*)&stringBase0[0x1D16], (char*)&stringBase0[0x1D24], (char*)&stringBase0[0x1D34], (char*)&stringBase0[0x1D43], (char*)&stringBase0[0x1D4E],
    (char*)&stringBase0[0x1D56], (char*)&stringBase0[0x1D61], (char*)&stringBase0[0x1D69], (char*)&stringBase0[0x1D74], (char*)&stringBase0[0x1D83], (char*)&stringBase0[0x1D56],
    (char*)&stringBase0[0x1D94], (char*)&stringBase0[0x1D9F], (char*)&stringBase0[0x1DA8], (char*)&stringBase0[0x1DB1], (char*)&stringBase0[0x1D9F], (char*)&stringBase0[0x1D94],
    (char*)&stringBase0[0x1DBF], (char*)&stringBase0[0x1DC9], (char*)&stringBase0[0x1DD1], (char*)&stringBase0[0x1DD9], (char*)&stringBase0[0x1DE7], (char*)&stringBase0[0x1DBF],
    (char*)&stringBase0[0x1DF2], (char*)&stringBase0[0x1DFA], (char*)&stringBase0[0x1E02], (char*)&stringBase0[0x1E0A], (char*)&stringBase0[0x1E11], (char*)&stringBase0[0x1DF2],
    (char*)&stringBase0[0x1E19], (char*)&stringBase0[0x1E28], (char*)&stringBase0[0x1E3E], (char*)&stringBase0[0x1E4E], (char*)&stringBase0[0x1E65], (char*)&stringBase0[0x1E19],
    (char*)&stringBase0[0x1E76], (char*)&stringBase0[0x1E84], (char*)&stringBase0[0x1E97], (char*)&stringBase0[0x1EA6], (char*)&stringBase0[0x1EB5], (char*)&stringBase0[0x1E76],
    (char*)&stringBase0[0x1EC3], (char*)&stringBase0[0x1ED3], (char*)&stringBase0[0x1EE6], (char*)&stringBase0[0x1EF5], (char*)&stringBase0[0x1F09], (char*)&stringBase0[0x1EC3],
    (char*)&stringBase0[0x1F1A], (char*)&stringBase0[0x1F2A], (char*)&stringBase0[0x1F3D], (char*)&stringBase0[0x1F4C], (char*)&stringBase0[0x1F60], (char*)&stringBase0[0x1F1A],
    (char*)&stringBase0[0x1F71], (char*)&stringBase0[0x1F76], (char*)&stringBase0[0x1F80], (char*)&stringBase0[0x1F88], (char*)&stringBase0[0x1F71], (char*)&stringBase0[0x1F71],
    (char*)&stringBase0[0x1F92], (char*)&stringBase0[0x1FBB], (char*)&stringBase0[0x1FE9], (char*)&stringBase0[0x2019], (char*)&stringBase0[0x204A], (char*)&stringBase0[0x1F92],
    (char*)&stringBase0[0x207B], (char*)&stringBase0[0x20AC], (char*)&stringBase0[0x20E1], (char*)&stringBase0[0x2113], (char*)&stringBase0[0x214A], (char*)&stringBase0[0x207B],
    (char*)&stringBase0[0x217E], (char*)&stringBase0[0x21B2], (char*)&stringBase0[0x21E5], (char*)&stringBase0[0x2213], (char*)&stringBase0[0x224B], (char*)&stringBase0[0x217E],
    (char*)&stringBase0[0x227A], (char*)&stringBase0[0x22AC], (char*)&stringBase0[0x22DC], (char*)&stringBase0[0x2313], (char*)&stringBase0[0x2346], (char*)&stringBase0[0x2379],
    (char*)&stringBase0[0x23AB], (char*)&stringBase0[0x23E0], (char*)&stringBase0[0x2412], (char*)&stringBase0[0x2445], (char*)&stringBase0[0x2478], (char*)&stringBase0[0x23AB],
    (char*)&stringBase0[0x24AE], (char*)&stringBase0[0x24E1], (char*)&stringBase0[0x2516], (char*)&stringBase0[0x2549], (char*)&stringBase0[0x257E], (char*)&stringBase0[0x24AE],
    (char*)&stringBase0[0x25B5], (char*)&stringBase0[0x25E7], (char*)&stringBase0[0x261D], (char*)&stringBase0[0x264B], (char*)&stringBase0[0x2676], (char*)&stringBase0[0x25B5],
    (char*)&stringBase0[0x26A4], (char*)&stringBase0[0x26D6], (char*)&stringBase0[0x2705], (char*)&stringBase0[0x2737], (char*)&stringBase0[0x276D], (char*)&stringBase0[0x26A4],
    (char*)&stringBase0[0x279E], (char*)&stringBase0[0x27B6], (char*)&stringBase0[0x27E9], (char*)&stringBase0[0x281F], (char*)&stringBase0[0x2850], (char*)&stringBase0[0x279E],
    (char*)&stringBase0[0x11E], (char*)&stringBase0[0x11E], (char*)&stringBase0[0x287D], (char*)&stringBase0[0x288A], (char*)&stringBase0[0x2891], (char*)&stringBase0[0x11E],
    (char*)&stringBase0[0x11E], (char*)&stringBase0[0x11E], (char*)&stringBase0[0x11E], (char*)&stringBase0[0x11E], (char*)&stringBase0[0x28C0], (char*)&stringBase0[0x11E],
    (char*)&stringBase0[0x28D3], (char*)&stringBase0[0x28D9], (char*)&stringBase0[0x28E1], (char*)&stringBase0[0x28ED], (char*)&stringBase0[0x28F2], (char*)&stringBase0[0x28D3],
    (char*)&stringBase0[0x28FC], (char*)&stringBase0[0x28FC], (char*)&stringBase0[0x28FC], (char*)&stringBase0[0x2902], (char*)&stringBase0[0x28FC], (char*)&stringBase0[0x28FC],
    (char*)&stringBase0[0x2909], (char*)&stringBase0[0x2910], (char*)&stringBase0[0x291B], (char*)&stringBase0[0x2927], (char*)&stringBase0[0x2932], (char*)&stringBase0[0x2909],
    (char*)&stringBase0[0x2939], (char*)&stringBase0[0x293E], (char*)&stringBase0[0x2941], (char*)&stringBase0[0x2947], (char*)&stringBase0[0x294D], (char*)&stringBase0[0x2939],
    (char*)&stringBase0[0x2954], (char*)&stringBase0[0x295C], (char*)&stringBase0[0x2965], (char*)&stringBase0[0x14D0], (char*)&stringBase0[0x14DB], (char*)&stringBase0[0x2954],
    (char*)&stringBase0[0x296E], (char*)&stringBase0[0x2977], (char*)&stringBase0[0x2982], (char*)&stringBase0[0x2989], (char*)&stringBase0[0x2994], (char*)&stringBase0[0x296E],
    (char*)&stringBase0[0x299F], (char*)&stringBase0[0x29A8], (char*)&stringBase0[0x29B2], (char*)&stringBase0[0x29B8], (char*)&stringBase0[0x29BD], (char*)&stringBase0[0x299F],
    (char*)&stringBase0[0x29B8], (char*)&stringBase0[0x2910], (char*)&stringBase0[0x291B], (char*)&stringBase0[0x29C9], (char*)&stringBase0[0x2932], (char*)&stringBase0[0x29B8],
    (char*)&stringBase0[0x29D7], (char*)&stringBase0[0x29E4], (char*)&stringBase0[0x29F8], (char*)&stringBase0[0x2A06], (char*)&stringBase0[0x2A15], (char*)&stringBase0[0x29D7],
    (char*)&stringBase0[0x621], (char*)&stringBase0[0x2A23], (char*)&stringBase0[0x621], (char*)&stringBase0[0x638], (char*)&stringBase0[0x2A29], (char*)&stringBase0[0x621],
    (char*)&stringBase0[0x1797], (char*)&stringBase0[0x17A3], (char*)&stringBase0[0x17AB], (char*)&stringBase0[0x2A36], (char*)&stringBase0[0x621], (char*)&stringBase0[0x1797],
    (char*)&stringBase0[0x2A40], (char*)&stringBase0[0x2A49], (char*)&stringBase0[0x2A40], (char*)&stringBase0[0x2A40], (char*)&stringBase0[0x2A40], (char*)&stringBase0[0x2A40],
    (char*)&stringBase0[0x2A53], (char*)&stringBase0[0x2A7B], (char*)&stringBase0[0x2A9F], (char*)&stringBase0[0x2AC7], (char*)&stringBase0[0x2AEE], (char*)&stringBase0[0x2A53],
    (char*)&stringBase0[0x2B15], (char*)&stringBase0[0x2B19], (char*)&stringBase0[0x2B1D], (char*)&stringBase0[0x2B20], (char*)&stringBase0[0x2B24], (char*)&stringBase0[0x2B15],
    (char*)&stringBase0[0x2B28], (char*)&stringBase0[0x2B28], (char*)&stringBase0[0x2B2B], (char*)&stringBase0[0x2B30], (char*)&stringBase0[0x2B28], (char*)&stringBase0[0x2B28],
    (char*)&stringBase0[0x2B34], (char*)&stringBase0[0x2B40], (char*)&stringBase0[0x2B4C], (char*)&stringBase0[0x2B59], (char*)&stringBase0[0x2B68], (char*)&stringBase0[0x2B34],
    (char*)&stringBase0[0x2B79], (char*)&stringBase0[0x2B83], (char*)&stringBase0[0x2B92], (char*)&stringBase0[0x2BA0], (char*)&stringBase0[0x2BAD], (char*)&stringBase0[0x2B79],
    (char*)&stringBase0[0x2BBB], (char*)&stringBase0[0x2BC6], (char*)&stringBase0[0x2BD4], (char*)&stringBase0[0x2BE2], (char*)&stringBase0[0x2BF0], (char*)&stringBase0[0x2BBB],
    (char*)&stringBase0[0x2BFF], (char*)&stringBase0[0x2C35], (char*)&stringBase0[0x2C67], (char*)&stringBase0[0x2CA0], (char*)&stringBase0[0x2CD5], (char*)&stringBase0[0x2BFF],
    (char*)&stringBase0[0x2D0A], (char*)&stringBase0[0x2D3C], (char*)&stringBase0[0x2D6D], (char*)&stringBase0[0x2D9F], (char*)&stringBase0[0x2DD6], (char*)&stringBase0[0x2D0A],
    (char*)&stringBase0[0x2E12], (char*)&stringBase0[0x2E4B], (char*)&stringBase0[0x2E81], (char*)&stringBase0[0x2EB5], (char*)&stringBase0[0x2EEA], (char*)&stringBase0[0x2E12],
    (char*)&stringBase0[0x2F1A], (char*)&stringBase0[0x2F1A], (char*)&stringBase0[0x2F1B], (char*)&stringBase0[0x2F30], (char*)&stringBase0[0x2F1A], (char*)&stringBase0[0x2F1A],
};

int string_tbl_size = 0x9B;
